"ID","Description","setSize","enrichmentScore","NES","pvalue","p.adjust","qvalue","rank","leading_edge","core_enrichment","Cluster","ClusterName"
"hsa05016","Huntington disease",231,-0.200845849530243,-3.09432523436179,1.62485272634546e-07,4.98829786988056e-05,4.27592822722489e-05,4256,"tags=55%, list=37%, signal=35%","516/5468/7802/10382/30849/5695/1212/5694/1175/64764/1211/7846/291/5714/27089/10476/5439/56901/7384/4701/1173/5706/522/10126/5440/5435/23186/539/5609/4719/518/3800/4728/7388/2475/2891/10121/374291/246721/9167/4714/5702/10975/55102/54205/4718/10540/513/5432/5704/509/84790/4697/4711/5719/8678/1345/4717/5688/10105/1537/5332/5441/4706/4708/5687/4715/5705/8408/5713/6389/7277/5430/5684/6390/2033/6908/7419/5709/5685/5707/26100/498/347733/10671/5708/9861/160/4294/5602/2893/2902/4698/5682/126328/60673/4724/55860/4710/5710/89953/5700/5601/4696/4723/4722/196385/5701/11258/317/5718/10381/4726/4704/581/6506/1213/548644/7280/1387/5692/3064/9776/1742/23130/5599/2890",1,"Peak"
"hsa05171","Coronavirus disease - COVID-19",143,0.242901857865877,2.95530786159761,1.39890325490721e-06,0.000154898500865343,0.000132777730897774,5029,"tags=66%, list=43%, signal=38%","103/6164/6208/4793/100526842/5291/6124/718/6133/5595/3921/3570/6207/6193/4790/9349/1839/5579/7132/6217/5295/6160/7311/5610/6147/6122/6188/6158/6228/6157/6138/6139/6141/4599/6210/10747/715/6168/6135/8503/1432/5970/6885/6231/6146/6161/6194/6201/25873/6167/3454/5582/6129/9045/6152/2212/6165/6142/51187/720/7099/6144/5293/6169/6223/6774/7189/6171/6136/6222/721/3716/6175/6187/51121/6229/6176/23521/23118/6128/6204/6209/6773/5603/6232/100529239/6218/6137/6125/6202/6181/6156/712/6155",1,"Peak"
"hsa05010","Alzheimer disease",265,-0.175801103982617,-2.88043102105485,1.51366613223462e-06,0.000154898500865343,0.000132777730897774,3691,"tags=48%, list=32%, signal=33%","4040/1452/291/5714/27089/10476/824/207/56901/7384/4701/1460/5290/5604/5706/522/91252/201266/539/5609/4719/518/468/3800/4728/5605/7388/1855/2475/374291/6868/9167/4714/5702/3643/10975/55102/54205/4718/1020/513/5704/5594/509/84790/4023/4697/8883/4711/4035/5719/8678/1345/4717/5688/10105/1537/5332/29985/4706/4708/7976/10000/5687/4715/9451/5705/8408/1499/5713/6389/7277/5684/6390/7419/5709/1856/5685/5707/26100/498/347733/1139/5708/9861/5602/2902/4698/57181/5682/1147/324/126328/1454/60673/4724/5894/4710/5663/5710/89953/488/208/5700/5601/4696/4723/4722/5296/5701/2597/317/5718/10381/4726/3551/4704/673/23621/7280/5692/9776/23130/2932/355/5599",1,"Peak"
"hsa03010","Ribosome",142,0.234125276780598,2.84972882645922,2.76338767262902e-06,0.000212090003874278,0.000181801820567699,5029,"tags=64%, list=43%, signal=37%","64981/6164/6208/29093/100526842/6124/6133/3921/124995/6207/6193/9349/6217/64951/6160/6183/7311/6147/6122/6188/6158/23107/6228/6157/6138/6139/6141/51264/6210/64432/6168/6135/10573/7818/740/54948/6231/6146/6161/6194/6201/25873/65080/6167/51649/6129/10399/9045/6152/6165/28973/6142/51187/54534/6144/6169/6223/79590/51318/6171/6136/6222/63931/84545/6175/6187/51121/6229/6176/23521/51116/6128/10240/6150/6204/6209/10884/6232/100529239/6218/64949/6137/28977/6125/60488/51373/54460/6202/6181/6156/6155",1,"Peak"
"hsa00190","Oxidative phosphorylation",91,-0.268131507372802,-2.84030385565549,4.67248674397195e-06,0.000273982964695235,0.000234855961508002,3812,"tags=57%, list=33%, signal=39%","523/5464/8992/27089/10476/56901/7384/4701/522/529/539/4719/518/4728/526/7388/374291/9551/9167/4714/10975/54205/4718/513/509/4697/4711/1345/4717/1537/4706/4708/4715/6389/6390/51606/498/534/4698/533/535/126328/4724/4710/4696/4723/4722/1353/27068/4726/4704/155066",1,"Peak"
"hsa05022","Pathways of neurodegeneration - multiple diseases",336,-0.152014528187528,-2.73981933394751,5.35471592238245e-06,0.000273982964695235,0.000234855961508002,3713,"tags=46%, list=32%, signal=32%","5335/4040/1452/291/5714/596/27089/10476/7345/824/56901/7384/4701/1460/5604/5706/522/10126/11273/539/8878/5609/4719/518/6712/468/27429/3800/4728/5605/7388/1855/2475/2891/10121/374291/7327/9167/4714/5702/5868/817/10975/55102/54205/4718/1020/10540/513/5704/5594/509/84790/4697/4711/5719/8678/1345/4717/5688/10105/10010/1537/5332/5071/4706/4708/7976/5687/4715/9451/5705/8408/1499/5713/6389/6311/7277/81631/5684/6390/7419/7316/3309/5709/1856/5685/5707/26100/498/347733/1139/10671/5708/9861/29110/57679/4218/4294/5602/2893/2902/4698/5682/324/84134/126328/1454/60673/4724/55860/5894/4710/5663/5710/89953/488/5700/5601/4696/4723/4722/196385/6233/5701/120892/11258/1616/317/5718/10381/4726/4704/581/25978/673/9896/7280/2911/5692/3064/9776/1742/23130/2932/355/5578/7415/815/80208/5599/5608/2890",1,"Peak"
"hsa05208","Chemical carcinogenesis - reactive oxygen species",166,-0.201153467849537,-2.77144671536276,1.0438040701478e-05,0.000436544384342801,0.000374202283852907,3677,"tags=50%, list=32%, signal=35%","291/27089/10476/4780/207/56901/7384/4701/8644/5290/5604/522/4233/539/25865/5609/4719/518/119391/5170/4728/10327/5605/7388/1956/374291/9167/4714/10975/4718/513/5594/509/10861/4697/4711/5338/1345/4717/10105/5587/1537/2885/4706/4708/6714/10000/4257/4715/7422/6416/6389/6390/3082/7419/2949/498/5781/5602/4698/1147/126328/4724/5894/4710/208/5601/2353/4696/4723/4722/5296/23683/5728/4259/4726/3551/4704/673/253152/6654/65010/5599",1,"Peak"
"hsa05012","Parkinson disease",199,-0.183308047616436,-2.7270896972824,1.17296457290659e-05,0.000436544384342801,0.000374202283852907,3768,"tags=49%, list=33%, signal=34%","7846/5335/291/5714/27089/10476/4780/7345/56901/7384/4701/5706/522/91252/201266/539/4719/518/468/27429/3800/4728/7388/374291/7327/9167/4714/5702/135/817/10975/54205/4718/513/5704/509/84790/4697/4711/5719/1345/4717/5688/10105/1537/5071/29985/5566/4706/4708/5687/4715/9451/5705/5713/6389/7277/5684/6390/7419/7316/3309/5709/5685/5707/498/347733/5708/9861/5602/4698/57181/5682/126328/4724/4710/5710/89953/5700/5601/4696/4723/4722/2770/6233/5701/120892/1616/317/5718/10381/4726/4704/581/7280/5692/815/5599",1,"Peak"
"hsa05014","Amyotrophic lateral sclerosis",272,-0.16109861334966,-2.65413733802061,1.41396588126599e-05,0.000436544384342801,0.000374202283852907,3674,"tags=46%, list=32%, signal=32%","5714/596/27089/10718/10476/56901/7384/4701/5706/522/10126/11273/539/8878/4719/518/468/10762/3800/4728/7388/2475/2891/10121/374291/9167/60/4714/5702/5868/10975/55102/54205/4718/10540/513/57122/5704/509/84790/4697/4711/5719/311/8678/1345/4717/5688/10010/1537/5071/23511/4706/4708/5687/4715/9451/5705/8408/5713/6389/6311/2733/7277/81631/5684/6390/3309/5709/5685/5707/26100/498/347733/10671/5708/9861/29110/57679/4218/3084/2902/4698/5682/84134/126328/9631/6396/60673/4724/55860/4710/5710/89953/5700/4696/4723/4722/196385/5701/23225/11258/1616/317/5718/10381/4726/4704/581/8480/25978/6506/9896/7280/5692/9776/4686/9688/23130/7415/2066/80208/5608/8021/2890",1,"Peak"
"hsa05020","Prion disease",193,-0.183033995038038,-2.64782056263557,1.42196867864105e-05,0.000436544384342801,0.000374202283852907,3827,"tags=50%, list=33%, signal=34%","64764/714/7846/291/5714/27089/10476/56901/7384/4701/1460/5290/5706/3312/522/539/4719/518/857/2534/468/3800/4728/7388/374291/9167/4714/5702/10975/54205/4718/513/5704/5594/509/84790/4697/4711/5719/1345/4717/5688/10105/1537/4684/5566/4706/4708/5687/4715/9451/1386/5705/5713/6389/7277/5684/6390/7419/1388/3309/5709/5685/5707/498/347733/5708/9861/3915/5602/2902/4698/5682/126328/4724/4710/5710/89953/5700/5601/4696/4723/4722/5296/5701/317/4851/5718/10381/4726/4704/581/7280/5692/2932/5599",1,"Peak"
"hsa01200","Carbon metabolism",80,-0.274617692966844,-2.76606988306163,3.83274914723137e-05,0.00106968544381821,0.000916925633308941,3616,"tags=56%, list=31%, signal=39%","55753/132158/2821/50/4967/230/5315/35/5213/2026/2098/4329/4190/226/128/8803/26275/2731/5096/5723/5162/6389/6390/2023/3419/26007/4200/1743/2806/1737/6470/5214/2597/10873/29968/1431/26227/7086/1738/83440/387712/2653/8802/5091/8310",1,"Peak"
"hsa00010","Glycolysis / Gluconeogenesis",33,-0.405523965919978,-2.75937200268011,4.50044092780162e-05,0.00115136280402925,0.000986938799956495,3964,"tags=73%, list=34%, signal=48%","3945/217/92579/2821/230/5315/5213/2026/10327/226/501/128/55276/3939/5162/2023/223/1737/5214/2597/224/1738/83440/387712",1,"Peak"
"hsa05415","Diabetic cardiomyopathy",140,-0.198860131115255,-2.52724945615179,6.64082356791586e-05,0.00156825602719244,0.00134429626880888,3677,"tags=50%, list=32%, signal=35%","291/27089/10476/207/56901/7384/4701/5290/522/9945/539/4719/518/4728/7388/2475/374291/7040/9167/4714/817/3643/10975/4718/513/5524/509/7042/4697/4711/1345/4717/10105/1537/5332/4706/4708/10000/4715/5162/6389/6390/7419/2997/498/5602/4698/5501/126328/4724/4710/488/208/5601/4696/4723/4722/5296/5590/2597/5728/4726/4704/1636/7043/5164/2932/5578/815/5599",1,"Peak"
"hsa03050","Proteasome",40,-0.354478004583262,-2.63906064571302,0.00010693091940925,0.00234484230418854,0.00200997968814379,4323,"tags=70%, list=37%, signal=44%","5698/5720/5695/5699/5694/5714/5706/5702/5704/5719/5688/5687/5705/5713/5721/5684/5709/5685/5707/5708/9861/5682/5710/5700/5701/5718/5692/23198",1,"Peak"
"hsa05202","Transcriptional misregulation in cancer",105,0.224250814653081,2.42762255225426,0.000172790665039374,0.00353644894447252,0.00303141517612937,5063,"tags=63%, list=44%, signal=36%","79058/472/905/5914/2115/1655/5327/4790/2005/9611/2308/5747/2530/1026/3020/6256/5371/84444/4208/3480/4609/5087/862/2521/1848/25942/7468/1649/5970/55589/1647/3486/929/4094/3066/4298/2130/4300/4086/604/8861/2120/2119/100532731/4211/8864/126961/1436/333932/4291/6667/578/4193/1025/7157/5966/1051/221037/9915/7704/1027/6688/894/6935/64919/8013",1,"Peak"
"hsa04142","Lysosome biogenesis",194,-0.165352413687519,-2.38617398735575,0.000186507253065849,0.00357860791820097,0.00306755350437251,4084,"tags=51%, list=35%, signal=33%","1212/6609/2588/51382/729991/1175/9894/57617/1211/523/91056/23503/8992/28956/23457/2030/1514/1173/57707/529/5641/1201/22901/114881/8906/526/55207/2475/84062/10542/79158/8546/84572/118426/11154/8907/4074/2581/26088/79036/4758/65082/5476/8120/1522/9885/1186/55745/1200/9907/9374/64223/51606/120103/534/5538/57521/160/10577/9675/55737/3916/23312/2647/114879/533/535/410/175/164/114876/950/3425/64121/8722/206358/4864/8692/119032/1213/9896/1176/1657/53/79641/5007/3073/84286/256471/153129/121260/9842/80208/4125/155066/23163/55317/57192",1,"Peak"
"hsa03272","Virion - Hepatitis viruses",22,-0.465925741056726,-2.56361101846477,0.000225130787408451,0.00406559716084673,0.00348499670910914,3201,"tags=73%, list=28%, signal=53%","3949/1956/5010/10618/5119/9525/7251/27183/10015/928/9071/3916/949/9798/29082/975",1,"Peak"
"hsa05017","Spinocerebellar ataxia",118,-0.196973686047072,-2.29652885068108,0.000365239228117158,0.00622935794622042,0.00533975479703448,3677,"tags=50%, list=32%, signal=34%","291/5714/25814/207/5290/5706/11273/6712/2475/2891/5702/55102/54205/5704/5719/8678/5688/10105/5332/6511/10000/5687/5705/8408/5713/6311/5684/10528/6908/7419/5709/5685/5707/26100/5708/9861/5602/2902/5682/3516/60673/5710/488/208/5700/5601/5296/5701/5718/6095/773/2911/5692/9776/23130/5578/10939/5599/2890",1,"Peak"
"hsa04932","Non-alcoholic fatty liver disease",116,-0.1841457374042,-2.12226905700825,0.000808541661957258,0.0130643310642567,0.0111986379772473,3664,"tags=48%, list=32%, signal=33%","27089/207/56901/7384/4701/5290/10062/4719/4296/468/4728/7388/374291/79602/7040/9167/4714/3643/10975/54205/4718/4697/4711/1345/4717/1537/4706/4708/10000/4715/9451/6389/5571/6945/6390/5602/4698/126328/4724/4710/208/5601/2353/4696/4723/4722/5296/4726/3551/4704/581/51422/22877/2932/355/5599",1,"Peak"
"hsa04714","Thermogenesis",171,-0.156891626564937,-2.18978650040208,0.00111924570068212,0.0171804215054705,0.0147269171142384,3882,"tags=47%, list=34%, signal=32%","25915/5592/64764/112/57104/27089/10476/56901/7384/4701/522/6601/539/6009/4719/518/7249/4728/51103/7388/2475/55818/374291/55471/9551/9167/60/4714/10975/4718/513/509/4697/4711/1345/4717/284184/51412/1537/23305/2885/6597/5566/4706/4708/4715/3991/1386/6389/5571/23028/51548/6390/64223/498/57521/113/4698/6599/126328/51780/4724/8110/4710/4696/4723/4722/55744/1353/6602/4726/4704/6654/2260/51422/123096/6598/57492/90639/2181/7248",1,"Peak"
"hsa04136","Autophagy - other",28,-0.362928202012825,-2.26232251956898,0.00120283449839073,0.0175842948098073,0.0150731140149214,4523,"tags=75%, list=39%, signal=46%","11337/285973/30849/84971/11345/2475/5516/23710/55102/8678/64422/55054/79065/64223/26100/23192/10533/57521/60673/9776/23130",1,"Peak"
"hsa00511","Other glycan degradation",16,-0.452027278111908,-2.1295046817609,0.00145981794614119,0.0203710958847884,0.0174619371547989,2845,"tags=69%, list=25%, signal=52%","10825/4758/57704/129807/64772/284004/175/4123/3073/23324/4125",1,"Peak"
"hsa00620","Pyruvate metabolism",30,-0.351371519469681,-2.29025371078598,0.0015310595785684,0.0204363169834999,0.0175178441483798,3964,"tags=67%, list=34%, signal=44%","3945/217/5315/10327/4190/501/128/3939/3029/5162/9380/4200/223/1737/97/10873/224/1738/31/5091",1,"Peak"
"hsa00020","Citrate cycle (TCA cycle)",25,-0.371004586067194,-2.17965173947364,0.00202429355511204,0.0258940883924748,0.0221962012621934,3616,"tags=64%, list=31%, signal=44%","55753/50/4967/4190/8803/5162/6389/6390/3419/1743/47/1737/1431/1738/8802/5091",1,"Peak"
"hsa04924","Renin secretion",39,0.301607141759125,2.10370722332444,0.00288247108555491,0.0353967449306143,0.030341800900578,3896,"tags=62%, list=34%, signal=41%","111/5530/5330/23236/801/116/775/1385/2983/3708/3759/5532/2977/5140/3778/2773/358/2771/1508/134/2778/5153/5567/776",1,"Peak"
"hsa04150","mTOR signaling pathway",116,-0.166554790880131,-1.91953440771483,0.00379481301286879,0.0448079844211815,0.0384090385917894,4034,"tags=50%, list=35%, signal=33%","51382/79726/9894/523/28956/4040/207/5290/5604/529/6009/7249/5170/526/10641/5605/1855/2475/10542/3643/23175/5594/84219/2885/7976/10000/8408/1975/9470/64223/96459/51606/1856/534/57521/57600/9675/79109/1147/6396/5894/1977/208/6446/64121/5296/5728/220441/253260/6520/3551/673/6654/2932/201163/153129/5578/7248",1,"Peak"
"hsa00310","Lysine degradation",50,-0.254396971135074,-2.080128139925,0.00450430460719309,0.0512156116447511,0.0439016043586071,1756,"tags=38%, list=15%, signal=32%","223/1743/85007/51111/3030/54904/64754/2145/80854/3033/58508/55904/29072/224/1738/9757/84787/4297/64324",1,"Peak"
"hsa00563","Glycosylphosphatidylinositol (GPI)-anchor biosynthesis",23,-0.34672071469505,-1.94286842974275,0.00617253111629946,0.0676773947394262,0.0580125104915362,3575,"tags=65%, list=31%, signal=45%","8733/8818/80235/128869/94005/54965/51227/5283/93210/80055/84720/65258/23556/27315/9091",1,"Peak"
"hsa05166","Human T-cell leukemia virus 1 infection",144,-0.14599216955445,-1.87372035302046,0.00747603048678016,0.0791428054979831,0.067840567030673,3827,"tags=46%, list=33%, signal=31%","64764/112/119504/291/9232/207/9184/5902/5290/5604/567/51529/468/5605/3106/7040/64784/6777/4215/8295/5594/7042/896/5566/10000/1386/200186/6416/8829/545/2033/6908/7419/1388/8881/811/5602/113/706/1147/4089/8697/2224/4791/208/5601/2353/55697/5423/83660/5296/7514/595/5728/3551/29882/581/7043/1387/1739/6929/2874/8498/51433/5599/996",1,"Peak"
"hsa00280","Valine, leucine and isoleucine degradation",36,-0.287028604477431,-2.05461046859099,0.00812727629867571,0.0831691274564481,0.0712918973568045,4208,"tags=64%, list=36%, signal=41%","10449/217/54511/11112/35/3032/4329/501/26275/3155/5096/34/223/587/3157/3030/3033/224/1738/18/197322/64087/27034",1,"Peak"
"hsa00970","Aminoacyl-tRNA biosynthesis",41,-0.270012629474475,-2.02151989106384,0.00899181505214311,0.0888982981158595,0.0762028956933478,2984,"tags=49%, list=26%, signal=36%","7407/16/8565/55278/80222/23438/7453/3735/4141/5859/3035/6897/79587/2193/124454/2617/54938/55157/3376/79731",1,"Peak"
"hsa05211","Renal cell carcinoma",63,-0.203118376940146,-1.84500366584278,0.00926627211631109,0.0888982981158595,0.0762028956933478,3737,"tags=51%, list=32%, signal=35%","112398/207/5290/5604/112399/4233/5062/5605/7040/9978/5594/7042/2885/10000/7422/54583/3082/2033/5781/5894/5908/208/1399/5058/5296/8453/673/7043/6654/1387/6923/201163",1,"Peak"
"hsa04141","Protein processing in endoplasmic reticulum",145,-0.138944268139044,-1.78940076948432,0.0117652230793179,0.109452226828806,0.0938215556564425,4304,"tags=50%, list=37%, signal=32%","3998/10952/10483/10970/8454/51035/5034/55757/10294/6184/7353/267/84447/596/4780/824/3312/55666/5609/468/10960/10525/7327/3300/55829/51009/9978/80700/64215/7466/10808/5071/6500/9451/23480/1388/5589/55968/3309/23193/22872/165324/57134/1410/8720/811/5602/10277/26232/6396/9709/7841/7184/10113/11231/10484/26270/5601/6238/6746/746/581/3301/56605/3320/55176/6400/27248/7415/23640/5599/6745",1,"Peak"
"hsa05146","Amoebiasis",51,0.22771701822609,1.83765680643573,0.0154718520976,0.131940516498978,0.113098334046784,4096,"tags=57%, list=35%, signal=37%","5291/5330/23236/4790/5579/5747/5295/1284/5869/7879/2335/5272/8503/5970/929/5582/2774/836/3913/2778/107/7099/3912/5293/1278/384/5567/3910/3315",1,"Peak"
"hsa04921","Oxytocin signaling pathway",110,0.158695093160376,1.72488720578044,0.0154097067168349,0.131940516498978,0.113098334046784,1735,"tags=29%, list=15%, signal=25%","5997/111/100137049/8681/5500/3265/5530/2775/5595/1827/5562/5330/23236/801/5579/775/57118/2983/4637/816/4776/3708/1026/784/4659/10645/3759/7226/4208/5532/4638/2977",1,"Peak"
"hsa04140","Autophagy - animal",144,-0.134126940194172,-1.72143737912222,0.015025896366046,0.131940516498978,0.113098334046784,4574,"tags=52%, list=39%, signal=32%","598/440275/11337/54541/285973/6794/84335/10652/30849/84971/8887/64689/57617/596/1514/207/5290/5604/57724/8878/6009/11345/7249/5170/5605/2475/5516/664/23710/55102/5594/8678/65082/10010/89849/64422/5566/10000/55054/9451/8837/8408/79065/81631/7316/64223/10241/26100/81671/23192/29110/10533/57521/4218/5602/3916/64419/60673/5894/208/5601/64121/6233/5296/22808/23001/5728/9776/23130/9842/26003/5599/9711/7248/1612",1,"Peak"
"hsa05161","Hepatitis B",109,-0.148500920713879,-1.68417619957479,0.0164096253908903,0.136155540405495,0.11671141814289,3665,"tags=45%, list=32%, signal=31%","596/207/3661/5290/5604/5609/468/5605/7040/6777/54205/5594/7042/2885/6714/10000/1386/6416/7187/2033/7534/7419/1388/29110/5602/114609/1643/6775/1147/4089/7297/6772/5894/208/5601/2353/5296/317/3551/581/673/7043/6654/1387/355/5578/148022/5599/5608",1,"Peak"
"hsa04664","Fc epsilon RI signaling pathway",47,-0.229863481792758,-1.82430520285407,0.0185425509480376,0.145963157462757,0.125118427449646,3713,"tags=53%, list=32%, signal=36%","5335/207/27040/5290/5604/5609/8605/2534/5170/5605/5594/2885/10000/6416/5602/5894/208/5601/5296/6654/9846/3635/5578/5599/5608",1,"Peak"
"hsa04066","HIF-1 signaling pathway",76,-0.179341439833706,-1.77701870463078,0.018092863231175,0.145963157462757,0.125118427449646,3737,"tags=50%, list=32%, signal=34%","112398/5335/596/207/5290/5604/112399/230/5213/2026/5605/2475/1956/2872/817/9978/3643/226/5594/3939/10000/5162/7422/54583/2033/2023/9470/7018/5214/1977/208/5296/2597/8453/1387/6923/5578/815",1,"Peak"
"hsa00520","Amino sugar and nucleotide sugar metabolism",30,-0.277471265525718,-1.8085688802151,0.0204962660450556,0.153472040873953,0.131554981033733,4209,"tags=63%, list=36%, signal=40%","3074/29925/197258/80146/2821/5238/9945/5372/7360/2584/55276/5373/2592/29926/2582/51005/6675/3073/55577",1,"Peak"
"hsa03008","Ribosome biogenesis in eukaryotes",62,-0.191546396067249,-1.72526083615647,0.0203305349198938,0.153472040873953,0.131554981033733,4892,"tags=61%, list=42%, signal=36%","51119/780851/54913/3692/55813/55505/57455/2091/28987/5822/23160/84916/26851/51367/51602/10248/10199/84135/55651/1460/83732/84128/10436/55127/23560/25996/10607/10528/29102/55226/51068/10171/55341/92856/55781/29889/7514/10775",1,"Peak"
"hsa05169","Epstein-Barr virus infection",124,-0.149914205713085,-1.78960627884753,0.0242148164124514,0.165198858636058,0.141607113523108,4625,"tags=54%, list=40%, signal=33%","6300/4794/10454/3105/8819/3065/51426/1019/3133/3665/10379/55080/5714/596/207/3661/5290/9541/5706/5609/567/3106/22938/5702/54205/960/5704/5719/3280/896/10000/5705/5713/6416/7187/5709/5707/5708/9861/29110/811/5602/1643/1147/3516/7297/9612/79685/6772/4791/5710/208/5700/5601/5296/5701/595/317/5718/3551/4616/581/7431/6892/355/5599/5608",1,"Peak"
"hsa04330","Notch signaling pathway",49,-0.21647730364919,-1.75069746088465,0.0242058048678228,0.165198858636058,0.141607113523108,4612,"tags=61%, list=40%, signal=37%","51107/55851/3065/1840/10683/2648/7089/9541/1855/22938/6868/4854/3955/4853/3714/3280/1488/196403/2033/1856/23462/3516/9612/5663/182/8650/4851/1387/7090/9794",1,"Peak"
"hsa00640","Propanoate metabolism",26,-0.28615195139125,-1.71261103167546,0.0233174987691363,0.165198858636058,0.141607113523108,3964,"tags=58%, list=34%, signal=38%","3945/23417/35/4329/8803/26275/3939/5096/79611/3030/1738/18/31/8802/8310",1,"Peak"
"hsa00410","beta-Alanine metabolism",20,-0.311868713810493,-1.63616873413008,0.0235978868662246,0.165198858636058,0.141607113523108,3947,"tags=65%, list=34%, signal=43%","217/2571/23417/35/4329/501/26275/1806/223/3030/224/18/8310",1,"Peak"
"hsa05224","Breast cancer",84,-0.161895105678439,-1.64237043170864,0.0286381978376507,0.191128842090408,0.16383408373942,3691,"tags=46%, list=32%, signal=32%","4040/1452/207/5290/5604/5605/1855/2475/1956/4854/5594/4853/3714/3280/2885/7976/10000/1499/1856/23462/1643/324/5894/4791/208/2353/182/5296/595/5728/8648/4851/4616/581/673/6654/2260/3815/2932",1,"Peak"
"hsa00190","Oxidative phosphorylation",91,-0.240683867241978,-2.57852859107781,8.67519925367711e-05,0.0233639490438021,0.0208284819180132,5294,"tags=69%, list=46%, signal=38%","4717/4726/55967/6392/527/1351/126328/4708/4706/1537/4696/4697/509/10975/4723/535/533/518/374291/9550/6390/539/522/51079/1347/7384/10476/51606/1345/4728/523/9551/4702/529/4714/4720/4704/27089/4701/1337/4698/534/7381/4722/6389/4724/1350/513/516/498/5464/1353/155066/4705/4715/7385/54205/64077/56901/517/51382/1329/1327",2,"Up"
"hsa05208","Chemical carcinogenesis - reactive oxygen species",166,-0.177228938272354,-2.48154864511202,0.00019440721566657,0.0233639490438021,0.0208284819180132,4724,"tags=57%, list=41%, signal=34%","7417/4708/4706/1645/1537/4696/1432/4697/10861/5594/5595/1535/509/10975/4723/518/374291/6390/5609/10327/539/4259/5293/522/51079/9446/1347/3082/7384/10476/5338/1646/6416/1345/4728/5795/4792/2947/4702/5587/10000/5728/1728/5879/4714/6714/4720/4704/27089/5170/4701/1337/5894/5296/23683/2052/3265/4698/2948/7381/4722/6389/4724/1350/65010/27/2353/196/513/516/498/847/4780/2941/673/1956/405/2885/25865/4705/2946/4258/4715/7385/6300/5605/56901/517/3162/873/6648/1329/3551/5604/1327",2,"Up"
"hsa00010","Glycolysis / Gluconeogenesis",33,-0.364970231686186,-2.44827053178001,0.00022831220563976,0.0233639490438021,0.0208284819180132,4083,"tags=70%, list=35%, signal=45%","128/3098/10327/5211/1738/5213/230/2821/217/92579/2026/55276/2023/501/223/219/5162/5214/224/83440/5315/2597/3939",2,"Up"
"hsa00330","Arginine and proline metabolism",33,-0.332909172380625,-2.23320053455638,0.00099534101740633,0.0500244696926257,0.0445957898854198,3846,"tags=64%, list=33%, signal=43%","5033/55748/8974/29920/113451/548596/5625/217/1152/84735/51056/501/223/65263/1160/219/2628/1159/224/57571/112483",2,"Up"
"hsa00970","Aminoacyl-tRNA biosynthesis",41,-0.294840413714361,-2.18552181161479,0.00146576425142078,0.0500244696926257,0.0445957898854198,4836,"tags=68%, list=42%, signal=40%","55699/833/55278/3376/5188/79731/2193/118672/55157/6897/23438/7453/7407/51520/54938/123283/57505/2617/51091/124454/4141/23395/6301/1615/79587/4677/3735/16",2,"Up"
"hsa05012","Parkinson disease",199,-0.143553749311637,-2.15293648961356,0.00132671227602555,0.0500244696926257,0.0445957898854198,4724,"tags=54%, list=41%, signal=32%","7417/4708/4706/10213/816/1537/4696/10131/4697/347733/509/5713/25828/10975/4723/5413/5709/3309/1965/7314/518/374291/6390/5566/9927/539/522/51079/1347/5684/89953/7384/7345/10476/5683/84790/7157/1345/4728/5719/65018/5702/4702/5688/4714/4720/5687/5694/4704/5704/3831/5692/27089/4701/10383/1337/3800/27429/5706/7277/4698/10382/7381/4722/5701/6389/4724/801/1350/11315/1616/513/818/516/64837/498/7318/2770/4780/468/5335/135/817/118424/4891/4705/5718/4715/25800/64116/5708/7385/54205/5710/6263/56901/5714/55630/7846/517/3708/1329/7494/581/598/5705/1327",2,"Up"
"hsa05020","Prion disease",193,-0.145627018756987,-2.14785204404831,0.00146651539815515,0.0500244696926257,0.0445957898854198,4724,"tags=54%, list=41%, signal=32%","7417/4708/4706/10213/1537/4696/1432/4697/5594/347733/5595/1535/509/5713/10975/4723/5709/3309/1965/518/374291/6390/5566/539/5293/522/51079/2902/1347/5684/89953/7384/10476/5683/84790/10963/1345/4728/5719/5702/4702/5688/5879/4714/4720/5687/5694/4704/5704/3831/5692/27089/4701/10383/1337/3800/5706/6262/7277/5296/4698/10382/7381/4722/5701/1460/6389/4724/2905/1350/513/1385/516/64837/498/3303/468/713/10488/4705/5718/4715/5708/7385/4684/54205/5710/6263/3312/6300/2534/56901/5714/6261/857/5532/7846/517/3708/1329/581/5705/1327/714",2,"Up"
"hsa05171","Coronavirus disease - COVID-19",143,0.169183797165087,2.14270511230776,0.00109059218481361,0.0500244696926257,0.0445957898854198,5530,"tags=64%, list=48%, signal=34%","6773/5578/6139/6143/200916/9636/5290/29110/6128/715/6137/5295/6229/6125/5599/6124/5601/6175/6122/4736/6144/6138/5603/6772/3661/9045/3454/6228/6133/23521/6885/6129/1147/712/6233/6152/6868/23118/6188/6169/6167/5291/6154/6168/4790/6204/6187/6218/6157/7099/6155/6136/7189/3921/6181/6202/6210/5602/7311/2212/100529239/6232/6142/4793/5970/6209/6165/6159/6176/51121/9349/6161/5579/6223/51187/6207/7097/6231/25873/6201/6194/8503/6193/6135/10747/6132/6217/1839/6164/6208/100526842/3570",2,"Up"
"hsa04512","ECM-receptor interaction",41,0.294762229921932,2.14200530161889,0.00139045468413207,0.0500244696926257,0.0445957898854198,2055,"tags=46%, list=18%, signal=38%","3910/6385/3915/3912/1282/3693/9900/5649/7059/3691/3908/1284/1605/960/7060/7057/2335/961/9899",2,"Up"
"hsa01240","Biosynthesis of cofactors",103,-0.19456426596263,-2.18222265924121,0.00165144514867176,0.0506993660642231,0.0451974461741746,4519,"tags=57%, list=39%, signal=35%","51004/203/211/554235/27010/84274/4522/7390/10327/1738/8836/80308/4338/53354/9054/158/7389/326625/27430/1503/217/1728/65220/51109/129607/8566/10201/29925/790/80347/5373/4337/60490/210/7372/124454/29922/4351/4830/5498/219/2356/2730/55191/10243/93100/102157402/79717/4833/224/6470/11019/29926/5372/51117/2937/7360/2677/4144",2,"Up"
"hsa05016","Huntington disease",231,-0.130661516732407,-2.09463745562829,0.0024834281422101,0.0586471107429616,0.0522826977307389,5022,"tags=57%, list=43%, signal=33%","4726/55967/6392/7280/1351/196385/126328/5700/160/9861/6874/2878/7419/7417/4708/4706/5441/10213/1537/4696/4697/347733/509/5713/10975/4723/23236/246721/5709/518/374291/6390/5609/539/4294/10126/522/51079/2902/1639/1347/5684/89953/5330/2475/5439/7384/10476/5683/84790/7157/1345/4728/5719/8678/5702/25942/1211/4702/5688/1742/4714/1175/4720/5687/5694/4704/5704/3831/5692/5432/1213/27089/4701/10383/1337/3800/84516/5706/2893/7277/30849/7802/5468/4698/10382/7381/4722/5701/11258/23130/6389/4724/55081/1350/10540/513/1385/516/8408/64837/498/8632/3065/5430/6667/7052/10488/5437/161/4705/5718/4715/5708/7385/54205/5710/55860/3064/56901/5332/5714/7846/517/3708/6648/1329/1173/581/3066/5705/1327",2,"Up"
"hsa04142","Lysosome biogenesis",194,-0.141183563627044,-2.08676932999671,0.00233603895242388,0.0586471107429616,0.0522826977307389,4969,"tags=59%, list=43%, signal=34%","175/3425/388552/527/55317/4125/3988/968/9675/160/3916/9374/23312/57192/6272/2647/79036/2581/55745/118426/4758/79641/10542/535/533/1186/84062/9550/162/55823/55353/23339/57707/2475/3177/114880/219931/51606/28956/91056/4126/26088/523/20/57617/389541/22901/1211/8943/51172/26985/23457/9342/1497/529/1175/23163/8722/4668/6448/4074/1213/26258/5476/1200/53/200576/6609/10577/11154/8546/534/3074/7879/9583/23062/114881/153129/84286/27072/3073/8907/54832/84572/2548/84335/114876/7942/7805/2588/410/112936/2519/23503/155066/4891/967/161/1201/55004/2799/1512/1520/1777/9907/8372/9896/8120/80208/1203/729991/51382/55737/1514/1173",2,"Up"
"hsa04510","Focal adhesion",141,-0.156500716237089,-2.02548000075624,0.00242757985234241,0.0586471107429616,0.0522826977307389,3064,"tags=41%, list=26%, signal=31%","1298/10000/5728/5879/6714/6093/3685/894/3675/54776/5170/3679/3911/5894/5296/55742/1499/5154/2013/7450/3265/896/7423/83660/5156/3655/9475/7094/29780/1299/1793/673/1956/7410/2885/5908/3913/7414/5159/595/394/998/824/7058/3371/2534/5500/5501/5829/857/6696/3688/2064/2317/2012/5499/3696/5604",2,"Up"
"hsa04518","Integrin signaling",88,-0.199388559949109,-2.0782029096165,0.00288160985347061,0.0631895875011056,0.0563322226994255,3136,"tags=47%, list=27%, signal=34%","718/1298/10000/7040/5879/6714/3689/3685/894/3675/3679/3911/5296/55742/1499/5154/7450/896/7423/83660/5156/3655/7094/29780/1299/3384/1956/3913/7414/5159/595/998/7058/3371/5829/6696/3688/2064/2317/3987/3696",2,"Up"
"hsa00410","beta-Alanine metabolism",20,-0.380335092824581,-2.0254676945649,0.00332192192674714,0.0679886687674247,0.0606105053301232,4328,"tags=75%, list=37%, signal=47%","3030/18/23417/55748/51/217/2572/84735/26275/501/223/219/224/4329/57571",2,"Up"
"hsa05146","Amoebiasis",51,0.245638383219084,1.98448892151353,0.00381247818619796,0.0731519251976733,0.0652134426586493,5183,"tags=69%, list=45%, signal=38%","5578/3910/5290/5269/5868/3915/3912/1282/5295/5747/3908/1284/2774/2335/2776/5878/81/9630/5291/4790/87/7099/5567/5869/7042/3315/5970/836/1278/5579/2778/7097/929/8503/5272",2,"Up"
"hsa00900","Terpenoid backbone biosynthesis",18,0.415710591991768,2.07549562397087,0.00461126108243213,0.0832739501356862,0.0742370205221272,3662,"tags=72%, list=32%, signal=49%","9453/9986/10269/3156/23463/10654/51449/79947/2339/3422/23590/4597/38",2,"Up"
"hsa04820","Cytoskeleton in muscle cells",116,-0.163991421308947,-1.96027694957772,0.00506432629478109,0.0863748984720997,0.077001452435268,4279,"tags=53%, list=37%, signal=33%","481/51332/25777/79188/3680/1465/50509/375790/29767/271/64236/832/27295/161176/830/4628/1298/64423/2026/84033/8910/825/3685/3675/3679/6712/7171/4000/477/83660/2023/3655/1466/8572/7094/1299/114793/478/23224/4627/1301/6709/7138/752/7414/10529/7170/23345/7058/1634/2192/1302/200539/7168/483/3688/7169/57731/2006/1837/3696",2,"Up"
"hsa05415","Diabetic cardiomyopathy",140,-0.152571420781914,-1.96779048369111,0.00549381737281552,0.0887685228133875,0.0791353194976196,4724,"tags=55%, list=41%, signal=33%","7417/4708/4706/816/1537/4696/1432/5164/4697/5582/1535/509/1636/10975/4723/23236/518/374291/6390/539/5465/5293/522/51079/1347/4087/5330/2997/2475/7384/10476/1345/4728/142/4702/10000/7040/5728/5879/4714/4720/4704/27089/4701/1337/6262/5296/4698/7381/4722/6389/4724/1350/513/818/516/498/5162/7043/6667/817/9945/4705/6513/4715/7385/6300/5500/56901/5332/2597/5501/5166/517/1329/5499/1327",2,"Up"
"hsa04814","Motor proteins",107,-0.166304419419737,-1.9224537102632,0.00810142644745172,0.118435139017509,0.10558250006704,4611,"tags=54%, list=40%, signal=33%","79819/23095/347733/79784/3797/4643/140735/10126/1639/7283/89953/4430/84790/1783/4646/832/3835/140465/830/4628/27175/4542/90990/3831/10383/23303/3800/84516/10749/7171/3796/7277/7802/374654/10382/11258/10540/23046/64837/8632/4627/7138/4650/4641/80179/7170/80022/55860/63971/4651/8655/4649/7846/1778/7168/547/7169/4644",2,"Up"
"hsa00051","Fructose and mannose metabolism",24,-0.329609479138349,-1.89064413466222,0.0079268373990329,0.118435139017509,0.10558250006704,4477,"tags=71%, list=39%, signal=44%","226/6652/3098/5211/5213/230/231/26007/29925/5373/4351/5214/29926/197258/5372/7264/5209",2,"Up"
"hsa01250","Biosynthesis of nucleotide sugars",29,-0.298064964993753,-1.89226685189591,0.00982146337247954,0.137054057061419,0.122180884059554,4044,"tags=62%, list=35%, signal=40%","3098/5238/80146/2821/55577/29925/5373/54187/55276/2592/4351/2584/9945/29926/197258/5372/7264/7360",2,"Up"
"hsa01212","Fatty acid metabolism",44,0.245734218401914,1.85282431562617,0.0109337215071247,0.139860520945303,0.124682789116334,5441,"tags=70%, list=47%, signal=37%","23305/34/6342/37/64834/5538/2194/201562/3295/3992/36/126129/79993/9524/2180/35/84869/51495/38/31/2181/54898/79966/6785/1374/6319/1376/1375/109703458/79071/8310",2,"Up"
"hsa05204","Chemical carcinogenesis - DNA adducts",23,-0.324729265093074,-1.84141501117683,0.0108337874594749,0.139860520945303,0.124682789116334,3948,"tags=65%, list=34%, signal=43%","4259/9446/1646/2947/2950/2052/2948/2941/373156/2946/4258/445329/6818/873/374875",2,"Up"
"hsa04080","Neuroactive ligand-receptor interaction",111,0.149754805835871,1.72943633126601,0.0134263039658947,0.164875012701187,0.146982696047689,6325,"tags=71%, list=55%, signal=33%","1140/130574/7068/1901/2912/79627/134/2898/2561/2566/2917/2891/23620/4886/2908/2897/9934/8001/2563/3356/2554/1128/117/80763/147/148/2911/4988/1910/2847/1141/2918/10424/2904/6751/59350/1394/84539/2555/2903/5027/2915/2890/7433/3350/1812/2901/5032/1268/3361/136/7442/3354/10161/5025/706/1395/4986/9127/9568/2558/1131/5745/6753/10888/116/53829/7349/133/187/1906/5646/11255/11054/4985/6866/3274/4157/6752",2,"Up"
"hsa04934","Cushing syndrome",92,-0.172466025037079,-1.85123026211839,0.015905788004071,0.173996726659807,0.155114517166294,2349,"tags=36%, list=20%, signal=29%","1499/2271/8912/113/8312/9049/196/1385/818/9101/1019/1027/79798/2770/468/673/1956/6667/405/5908/817/10488/595/1856/1857/3949/3164/5605/5332/9070/3708/8313/5604",2,"Up"
"hsa01040","Biosynthesis of unsaturated fatty acids",21,0.342921222919341,1.84576546186807,0.0171706176596487,0.173996726659807,0.155114517166294,5441,"tags=76%, list=47%, signal=40%","6342/64834/10965/201562/3295/3992/79993/9524/51495/122970/54898/79966/6785/6319/79071/8310",2,"Up"
"hsa01523","Antifolate resistance",18,-0.364569803243992,-1.82623858922586,0.0174847143241544,0.173996726659807,0.155114517166294,1719,"tags=50%, list=15%, signal=43%","471/6573/2356/2618/4524/6470/4548/3551/113235",2,"Up"
"hsa00052","Galactose metabolism",17,-0.367366505714343,-1.78440734545641,0.0167426407709142,0.173996726659807,0.155114517166294,4044,"tags=76%, list=35%, signal=50%","2582/3098/5211/5213/231/92579/8704/55276/2592/2548/2584/5214/7360",2,"Up"
"hsa05022","Pathways of neurodegeneration - multiple diseases",336,-0.0938617055058435,-1.77813712755747,0.0192699957864281,0.173996726659807,0.155114517166294,5022,"tags=51%, list=43%, signal=30%","126328/5700/84134/7415/9861/2878/355/7419/79139/342371/7417/4708/4706/10213/816/1537/4696/1432/4744/10131/9973/4697/7476/5594/5582/347733/5595/1020/509/5713/10975/4723/5413/23236/5709/3309/1965/5663/7314/518/374291/6390/9927/5609/8878/539/4294/10126/522/51079/2902/1639/1347/5684/89953/5330/2475/7384/7345/10476/5683/84790/1345/4728/5719/65018/8678/5702/4702/10452/5688/1742/5879/4714/4720/5687/5694/4704/5704/3831/5692/27089/4701/10383/1337/6712/3800/10133/324/84516/27429/5894/5706/6262/2893/7277/1499/30849/7802/3265/4698/10382/7381/4722/5701/1460/11258/23130/6389/4724/801/2905/55081/8312/1350/10540/11315/1616/513/818/516/8408/64837/351/498/7318/8632/847/4218/468/673/5335/817/1139/118424/4705/5718/4715/203228/1856/5708/824/1857/7385/54205/9896/5710/6263/6300/80208/55860/3064/5605/56901/5332/7132/4747/5714/6261/5532/7846/517/3708/1329/8313/7494/5604/581/598/10280/5705/1327",2,"Up"
"hsa05206","MicroRNAs in cancer",122,0.147638265067111,1.75884440846751,0.0190898448348918,0.173996726659807,0.155114517166294,4749,"tags=55%, list=41%, signal=33%","1545/7431/5578/4233/900/9839/57521/1021/5290/1788/5295/5243/4193/599/6654/4609/2744/23405/1398/2065/472/960/4363/7057/27086/4325/7329/4851/2261/27250/2033/7430/6655/4194/5291/6935/1871/4790/7976/4170/5292/648/4855/9252/5962/7422/1946/596/10297/387/1387/7042/9759/1026/7143/5155/8434/25/659/6624/578/1942/836/100532731/5579/7148/4893",2,"Up"
"hsa00520","Amino sugar and nucleotide sugar metabolism",30,-0.267464113999004,-1.73840182105932,0.0190278016143472,0.173996726659807,0.155114517166294,4725,"tags=67%, list=41%, signal=40%","2582/10007/3098/5238/80146/2821/55577/29925/5373/55276/3074/2592/4351/3073/2584/9945/29926/197258/5372/7360",2,"Up"
"hsa05032","Morphine addiction",70,0.185132270328595,1.7288023364637,0.01884484198344,0.173996726659807,0.155114517166294,5893,"tags=70%, list=51%, signal=35%","5578/114/5136/2771/5151/10681/5153/134/2775/2561/2566/2783/5140/112/2563/2554/59345/408/4988/2869/2782/5142/5150/5567/2868/5137/2786/2555/774/1812/5144/10846/5579/2778/3763/9568/2773/2558/2788/5143/111/55970/157/107/115/2791/108/2784/8622",2,"Up"
"hsa04082","Neuroactive ligand signaling",111,0.145987548848829,1.68593034114943,0.0174775757762467,0.173996726659807,0.155114517166294,5869,"tags=64%, list=51%, signal=32%","5578/114/2771/10681/2912/79627/134/2775/6507/2898/2561/2566/2917/2891/2783/112/2774/2897/9934/8001/2563/3356/2554/1128/6511/2776/59345/147/148/6536/6506/2911/4988/2782/1141/2918/2904/64805/5567/2786/2555/2903/2915/2890/3350/1812/2901/5032/3361/6505/136/3354/5579/2778/5025/4986/9127/9568/2773/2558/1131/2788/6540/111/55970/53829/107/115/2791/108/2784",2,"Up"
"hsa00970","Aminoacyl-tRNA biosynthesis",41,0.345386836034233,2.28138566592267,0.000375519503128369,0.067911043614194,0.0626369646227265,5394,"tags=78%, list=47%, signal=42%","6897/23395/833/51520/23438/123263/1615/2617/51091/3035/16/57176/6301/4677/3735/79587/4141/124454/5917/57505/123283/54938/7407/7453/55157/118672/2193/79731/5188/3376/55278/55699",3,"Down"
"hsa00010","Glycolysis / Gluconeogenesis",33,0.363625657022395,2.19427477518492,0.00105331622577239,0.067911043614194,0.0626369646227265,4859,"tags=76%, list=42%, signal=44%","92579/3939/226/83440/2026/5162/1737/7167/1738/5315/2597/224/5214/5213/219/501/2023/84532/55276/217/2821/230/5211/10327/3098",3,"Down"
"hsa00190","Oxidative phosphorylation",91,0.234239632224529,2.10591877135326,0.00115204737668268,0.067911043614194,0.0626369646227265,5296,"tags=67%, list=46%, signal=37%","529/4720/9167/526/533/527/6392/55967/1351/54205/7384/4697/4705/4715/1327/1345/4716/4702/9114/4711/523/6389/514/4724/10476/4723/7385/51382/515/1329/517/64077/155066/5464/498/516/513/1350/7381/534/4698/1337/4701/27089/4704/4714/9551/4728/1347/51079/522/6390/9550/374291/518/10975/509/4696/1537/4706/4708",3,"Down"
"hsa05415","Diabetic cardiomyopathy",140,0.202012866136695,2.09742653628516,0.0010809849748027,0.067911043614194,0.0626369646227265,5296,"tags=64%, list=46%, signal=35%","7417/4720/9167/6262/1509/208/6392/55967/1351/5582/7040/7384/4088/5524/5295/4697/5599/816/5162/1432/1535/7048/4705/5465/4715/1327/1345/4716/5291/4702/5166/4711/6389/514/4724/10476/2597/4723/7385/6300/9945/5499/5501/515/5332/1329/517/5500/6513/6667/7043/498/516/818/513/1350/7381/4698/5296/1337/4701/27089/4704/4714/5879/5728/10000/142/4728/2475/2997/5330/4087/1347/51079/522/5293/6390/374291/518/23236/10975/1636/509/5164/4696/1537/4706/4708",3,"Down"
"hsa05020","Prion disease",193,0.178703917292529,2.08561643210527,0.000618836718645027,0.067911043614194,0.0626369646227265,5296,"tags=61%, list=46%, signal=34%","7417/4720/9167/6262/6392/775/55967/1351/2534/54205/5715/7384/1459/5534/5704/1388/776/713/2903/5295/4697/5599/3798/1432/1535/3309/4705/4715/1327/1345/858/5685/7846/4716/5291/4851/4702/1386/4711/6263/5701/6389/514/4724/5708/10476/4723/1385/7385/6300/468/5718/515/6261/581/714/5705/1329/517/5532/857/5714/4684/10488/3800/498/64837/516/513/1350/2905/1460/7381/4698/5296/7277/5706/1337/10383/4701/27089/5692/3831/4704/5694/5687/4714/5879/5688/5530/5702/5719/4728/84790/5683/89953/5684/1347/2902/51079/522/5293/5566/6390/374291/518/1965/5709/10975/5713/509/5595/347733/4696/1537/10213/4706/4708",3,"Down"
"hsa04519","Cadherin signaling",225,-0.153217849120395,-1.98227110530341,0.00132725166672692,0.067911043614194,0.0626369646227265,2026,"tags=29%, list=17%, signal=24%","3551/28316/29119/4233/56124/56125/7534/7082/56122/1387/7408/5603/2195/23286/10518/9113/2554/55914/51107/51421/4040/4790/4771/64398/8936/26999/375612/5606/4641/10152/2561/10095/11322/2562/84152/166336/25937/8036/5604/102/83464/2064/5594/27253/1501/2260/6259/3480/71/3845/2558/81873/5602/10093/4430/56112/1000/5098/1499/1006/87/1452/2033/5663/22808",3,"Down"
"hsa04512","ECM-receptor interaction",41,-0.30459750396731,-2.07820142528985,0.00227769131782511,0.0961939771948738,0.0887234008757793,2947,"tags=54%, list=25%, signal=40%","9899/7057/3911/3691/3915/1282/6385/3693/9900/7059/1284/3696/3910/2335/7060/3908/1605/960/961/5649/3913/3912",3,"Down"
"hsa00051","Fructose and mannose metabolism",24,0.390791218301075,2.07745341522582,0.00250668344481756,0.0961939771948738,0.0887234008757793,5065,"tags=79%, list=44%, signal=45%","55556/226/29926/26007/7167/5209/5372/7264/197258/5214/5213/4351/5373/29925/231/230/5211/3098/6652",3,"Down"
"hsa04611","Platelet activation",79,0.230674827626045,1.97601539446633,0.00449206057523735,0.128269475889612,0.11830786564137,3846,"tags=51%, list=33%, signal=34%","7450/10627/208/387/2534/111/2909/100137049/5295/60/5592/1432/2212/6714/2207/5291/7094/2770/10235/2982/2771/3688/8605/103910/6300/5499/5501/5332/8773/8681/5500/5908/9475/6786/9138/83660/5906/113/54518/5296",3,"Down"
"hsa05012","Parkinson disease",199,0.161638098695336,1.90863452953992,0.00425874187789087,0.128269475889612,0.11830786564137,5296,"tags=59%, list=46%, signal=33%","7417/55669/4720/9167/7345/7922/6392/55967/1351/54205/7327/5715/7384/5704/805/5335/111/65018/7311/4697/5599/816/135/3798/4891/10131/55334/3309/4705/801/4715/1327/1345/5685/7846/4716/4702/4711/55630/6263/2770/5701/6389/514/4724/5708/10476/4723/2771/7385/4780/468/64116/5718/598/515/7494/581/5705/1329/517/5714/25800/118424/3800/7318/498/64837/516/818/513/11315/1350/7381/4698/7277/5706/27429/1337/10383/4701/27089/5692/3831/4704/5694/5687/4714/5688/5702/5719/4728/7157/84790/5683/89953/5684/1347/51079/522/9927/5566/6390/374291/518/1965/5709/5413/10975/25828/5713/509/347733/4696/1537/10213/4706/4708",3,"Down"
"hsa04151","PI3K-Akt signaling pathway",199,-0.147467418439466,-1.82905362391636,0.00459597470614244,0.128269475889612,0.11830786564137,2393,"tags=32%, list=21%, signal=26%","5747/10681/207/2932/3915/1282/117145/5290/1021/5578/57521/3551/4233/3693/7534/4609/7059/2247/1284/5563/3696/5527/3910/6654/2335/64223/5934/2065/2783/4193/7060/2263/4790/3815/6655/1946/3908/7249/3718/1027/842/5518/5155/5562/4915/6794/3717/5604/2885/10161/2064/7097/5594/2260/5516/3480/3845/9586/5649/6199/2321/3913/3912/23239",3,"Down"
"hsa04610","Complement and coagulation cascades",24,0.366806268078245,1.94994897187865,0.00530504025671143,0.135720613234201,0.12518033588205,2958,"tags=58%, list=26%, signal=44%","7450/1191/721/720/713/4179/5648/718/5270/966/3075/1675/714/2",3,"Down"
"hsa05146","Amoebiasis",51,-0.258737538191813,-1.98795605266109,0.00655831776842986,0.154877196531382,0.142849188640294,2968,"tags=47%, list=26%, signal=35%","81/2776/3911/2774/5747/3915/1282/5269/5290/5578/1284/3910/2335/5878/4790/3908/5567/5868/7097/3689/87/3913/3912/2778",3,"Down"
"hsa04728","Dopaminergic synapse",98,0.200526599883398,1.85706686831575,0.0110348234275299,0.19927592895598,0.18379984532542,3554,"tags=46%, list=31%, signal=32%","1312/2353/208/54331/775/5582/5519/1388/805/776/111/2893/55012/2903/5599/5521/816/3798/1432/5529/801/773/1386/59345/5520/2770/6323/2771/1385/5526/6300/468/5499/5501/5523/5332/5532/5500/3760/3765/10488/409/3800/818/2785",3,"Down"
"hsa05215","Prostate cancer",72,-0.211008796128504,-1.83658114176793,0.0101504398498451,0.19927592895598,0.18379984532542,2346,"tags=38%, list=20%, signal=30%","207/2932/5290/3551/1387/6654/4193/2263/4790/6655/1027/842/5155/5604/5925/2885/2064/2911/5594/2260/5327/3480/3845/9586/1499/2033/6935",3,"Down"
"hsa05208","Chemical carcinogenesis - reactive oxygen species",166,0.159825420978999,1.77036401844835,0.00948191103472238,0.19927592895598,0.18379984532542,5296,"tags=60%, list=46%, signal=33%","7417/4720/9167/2353/2946/208/6392/55967/4257/1351/7384/5605/2949/5609/5295/4697/5599/5587/2941/1645/1432/1535/6714/4705/4715/4792/1327/1646/6416/1345/25865/4716/5291/23683/4702/2052/1728/3265/4711/6389/514/4724/10476/4723/7385/4780/6300/4258/515/1329/6648/873/3162/517/1956/673/498/653689/516/513/196/27/65010/1350/7381/2948/4698/5296/5894/1337/4701/5170/27089/4704/4714/5879/5728/10000/2947/5795/4728/5338/3082/1347/9446/51079/522/5293/10327/6390/374291/518/10975/509/5595/10861/4696/1537/4706/4708",3,"Down"
"hsa04015","Rap1 signaling pathway",143,0.167260557491917,1.75979411434011,0.0107359771644906,0.19927592895598,0.18379984532542,3894,"tags=46%, list=34%, signal=31%","998/9564/4301/5217/208/51196/387/5582/10411/51735/5900/5605/805/5335/2261/111/1944/2903/5295/9863/5587/5899/135/60/1432/6714/1500/801/51466/9223/25865/5291/23683/3265/5898/23094/7094/2770/10235/56034/2771/3688/5909/5156/55740/6300/2254/2357/5332/9693/285/7074/7410/5159/27040/5908/1956/673/83660/7423/5906/113/54518/5154/5296/5894",3,"Down"
"hsa05022","Pathways of neurodegeneration - multiple diseases",336,0.194685828215187,3.72188394584568,2.74186591373921e-10,8.41752835517936e-08,6.52275470005327e-08,3572,"tags=49%, list=31%, signal=35%","26100/8678/347733/1345/5719/3708/9973/4287/118424/9896/5688/4711/10105/4697/5708/64837/10010/7381/5707/6311/3064/84790/815/509/1856/801/4696/5289/5594/51079/7494/5704/2902/5582/513/1537/57679/10540/6622/5595/4294/5332/1020/9927/10381/6310/54205/55102/10213/5071/10975/23236/5713/7385/1139/6389/1499/5578/4706/1454/4708/4723/817/5868/1639/2903/4720/7976/1742/5702/4698/5687/4715/2890/3309/1457/4714/342371/5970/5705/9167/581/488/498/8408/7327/5684/374291/10121/79139/2891/2932/5683/4722/2475/7277/81631/1965/1855/7388/5605/4728/5663/5608/3800/27429/29110/468/7419/5701/6712/518/4719/4705/324/5609/4137/8878/10671/539/11273/355/5692/5894/10126/7311/80208/522/5532/5706/5604/9861/1460/1347/7415/89953/5330/4701/7384/56901/23130/824/7345/10476/27089/596/5714/291/2893/1452/4040/5335/7846/4710/847/11258/4704/84134/1616/5700/126328/60673/4724",4,"Valley"
"hsa05010","Alzheimer disease",265,0.213781528098381,3.70527003230822,7.97689993979678e-10,1.22445414075881e-07,9.48831255996881e-08,3572,"tags=50%, list=31%, signal=36%","26100/8678/347733/1345/5719/3708/4035/5688/4711/10105/4697/5708/64837/7381/5707/4023/84790/509/1856/801/4696/5289/5594/51079/7494/5704/2902/2597/513/1537/10313/6622/5595/5332/1020/10381/54205/55102/10213/10975/10000/23236/5713/7385/3643/1139/6389/1499/4706/1454/4708/4723/2903/4720/7976/5702/4698/5687/4715/322/1457/4714/5970/5705/8883/9167/488/498/8408/6868/5684/374291/2932/5683/4722/2475/7277/1965/1855/7388/5605/4728/208/5663/3800/468/7419/5701/518/5291/4719/4705/324/5609/4137/539/348/201266/355/5692/5894/91252/522/5532/5706/5604/5290/9861/1460/1347/89953/5330/4701/7384/56901/23130/207/824/10476/27089/5714/291/1452/4040/57181/7846/4710/1147/4704/5700/126328/60673/4724",4,"Valley"
"hsa05016","Huntington disease",231,0.217055625864443,3.52740620072347,1.53600197204075e-08,1.57184201805503e-06,1.21802261642529e-06,3572,"tags=51%, list=31%, signal=36%","26100/8678/347733/1345/5719/3708/5688/4711/10105/4697/5708/64837/7381/5707/3064/84790/509/4696/5289/51079/5704/5432/2902/513/1537/10540/4294/5332/25942/10381/54205/55102/10213/5441/10975/23236/5713/1213/7385/6389/4706/4708/4723/1639/6507/4720/1742/5702/4698/1387/5687/4715/2890/4714/5705/9167/581/498/246721/8408/5684/374291/10121/2033/2891/5683/4722/2475/5430/7277/7388/4728/3066/3800/7419/5701/518/4719/4705/5609/10671/539/23186/5437/5435/5440/5692/10126/522/5706/6874/9861/1347/89953/5330/1173/4701/7384/160/56901/23130/5439/10476/27089/5714/291/2893/7846/4710/11258/4704/1211/64764/5700/126328/60673/4724",4,"Valley"
"hsa00190","Oxidative phosphorylation",91,0.297633032360684,3.18536858539725,3.7809464772868e-07,2.90187642131762e-05,2.24866816807057e-05,3572,"tags=58%, list=31%, signal=41%","1345/4711/4697/535/7381/509/4696/51079/513/1537/54205/10975/7385/6389/4706/4708/4723/534/4720/4698/4715/4714/9167/9551/498/533/374291/4722/155066/7388/526/4728/51606/518/9550/4719/4705/539/529/522/1347/4701/7384/56901/10476/27089/8992/5464/4710/4704/523/126328/4724",4,"Valley"
"hsa00010","Glycolysis / Gluconeogenesis",33,0.452904817763516,3.05279408912917,1.47952996176595e-06,7.57026163770243e-05,5.86620651507201e-05,4500,"tags=82%, list=39%, signal=50%","3939/55276/2597/128/501/1738/226/5162/10327/2026/2023/224/5214/5213/3098/5211/5315/230/223/2821/1737/92579/217/3945/83440/219/387712",4,"Valley"
"hsa05014","Amyotrophic lateral sclerosis",272,0.173367205680539,3.04659032474315,1.46791484916638e-06,7.57026163770243e-05,5.86620651507201e-05,3695,"tags=47%, list=32%, signal=33%","23064/311/26100/8678/347733/1345/5719/9973/23225/9896/5688/4711/4697/5708/64837/10010/7381/5707/6311/84790/509/4696/5289/51079/7494/5704/57122/81929/2902/513/1537/57679/10540/2733/10381/54205/55102/10213/5071/10975/3084/5713/7385/6389/23511/4706/4708/4723/5868/1639/2903/4720/5702/4698/5687/4715/2890/3309/4714/5705/60/9167/9782/581/498/8408/5684/374291/10121/79139/2891/5683/4722/2475/7277/81631/1965/5217/7388/4728/5608/3800/10762/29110/468/5701/518/4719/3178/4705/8878/10671/539/11273/5692/10126/80208/522/5532/5706/9861/1347/7415/89953/4701/7384/56901/23130/10476/10718/27089/596/5714/7846/6396/4710/847/11258/4704/84134/1616/5700/126328/60673/4724/79902/2066/5710/10452",4,"Valley"
"hsa05415","Diabetic cardiomyopathy",140,0.226769466083201,2.95501266159575,2.75478898306961e-06,0.000120817173971767,9.36214000261252e-05,3572,"tags=52%, list=31%, signal=37%","1345/4711/5164/10105/4697/7042/7381/815/509/4696/51079/5524/2997/5582/2597/513/1537/5500/5332/10975/1636/10000/23236/7385/3643/6389/5578/4706/4708/4723/817/4720/5465/4698/4715/4714/5970/5162/9167/488/498/7040/374291/2932/4722/2475/7388/4728/208/7419/518/5291/4719/4705/539/9945/522/5290/1347/5330/4701/7384/56901/207/5501/10476/27089/291/4710/4704/126328/7043/4724",4,"Valley"
"hsa05012","Parkinson disease",199,0.198063771153235,3.0100718370396,3.42243960243757e-06,0.000131336119743542,0.000101772546072486,3572,"tags=49%, list=31%, signal=35%","347733/1345/5719/3708/118424/5688/4711/10105/4697/5708/64837/7381/5707/84790/815/509/801/4696/51079/7494/5704/2771/513/1537/6622/9927/10381/54205/10213/5071/10975/5713/7385/25828/6389/5566/4706/4708/4723/817/135/4720/5702/4698/5687/4715/3309/4714/5705/9167/581/498/7327/5684/374291/5683/4722/7277/1965/7388/4728/3800/27429/468/7419/5701/518/4719/4705/4137/539/201266/5692/7311/91252/522/5706/9861/1347/89953/4701/7384/56901/7345/4780/10476/27089/5714/291/5335/57181/7846/4710/4704/1616/5700/126328/4724",4,"Valley"
"hsa05020","Prion disease",193,0.193008972206783,2.90421042842582,5.12988878172844e-06,0.000174986206221181,0.000135597060195395,3572,"tags=49%, list=31%, signal=34%","347733/1345/5719/3708/5688/4711/10105/4697/5708/64837/7381/5707/84790/509/4696/5594/51079/5704/2902/513/1537/5595/4684/10381/54205/10213/10975/5713/7385/6389/5566/4706/4708/4723/2903/4720/5702/4698/5687/4715/3309/1457/4714/5705/9167/581/498/5684/374291/2932/5683/4722/7277/1965/7388/4728/3800/468/7419/5701/2534/857/518/1388/5291/4719/4705/539/10963/5692/522/3312/5532/5706/5290/9861/1460/1347/89953/4701/7384/56901/10476/27089/5714/291/7846/4710/714/4704/64764/5700/126328/4724",4,"Valley"
"hsa01200","Carbon metabolism",80,0.274733938216998,2.78356694232592,2.4254589075647e-05,0.000744615884622363,0.000577003908536445,3424,"tags=55%, list=30%, signal=39%","26275/2731/8803/5096/2597/128/7086/1738/226/6389/5723/2875/2805/4190/25796/5162/26007/4329/2098/1743/2026/2023/3419/38/5214/5213/35/3098/6472/5211/5315/1431/230/4967/3420/50/10873/2806/2821/132158/55753/1737/6470/847",4,"Valley"
"hsa04919","Thyroid hormone signaling pathway",96,0.248157268164877,2.73467510742877,6.36135003098954e-05,0.00177539496319435,0.00137575608325707,3007,"tags=50%, list=26%, signal=37%","4853/5594/483/5582/7067/4854/10499/5595/5332/25942/10000/23236/1499/5566/113026/5578/6714/476/1387/8850/6772/9862/60/488/6548/2033/2932/481/2475/477/5605/3066/208/5170/7249/3685/5291/5214/6009/5213/5211/1827/5894/5604/5290/9969/5330/207",4,"Valley"
"hsa05171","Coronavirus disease - COVID-19",143,-0.201854729162277,-2.7128009506134,8.45570954900758e-05,0.00216325235962111,0.00167630733164536,5158,"tags=64%, list=45%, signal=36%","6143/3570/9636/100526842/6208/6164/200916/4736/1839/4790/718/6147/5599/6228/6217/6141/6138/6188/6233/10747/6139/6135/6193/6155/8503/712/3921/6181/6202/6885/6146/6194/6201/25873/6167/3454/6125/6137/6231/7099/6129/6157/6218/100529239/6168/6152/6133/6232/5603/6773/2212/4793/1432/715/6209/6207/6204/51187/6165/6144/6159/720/5293/6169/6223/6142/9045/7189/5579/6128/23118/6161/5295/6210/3551/23521/6176/9349/7132/6124/6229/6136/6222/51121/6774/721/3716/6175/5602/6187/5601",4,"Valley"
"hsa05208","Chemical carcinogenesis - reactive oxygen species",166,0.187688749058019,2.63411370118609,0.000116307868047323,0.0026548191767399,0.00205722315770004,3572,"tags=48%, list=31%, signal=34%","52/1345/5338/2949/4711/10105/4697/7381/10861/3082/509/4696/5594/51079/5587/513/1537/5595/2885/23683/10975/10000/7385/5781/6389/4706/4708/4723/6714/4720/4698/4257/4715/4714/5970/9167/498/374291/6416/4722/1956/7388/5605/10327/4728/208/5170/119391/4259/7419/518/5291/4719/4705/5609/25865/539/2948/4233/5894/522/5604/5290/9446/1347/8644/4701/7384/56901/207/4780/10476/27089/291/4710/847/1147/4704/126328/4724",4,"Valley"
"hsa04932","Non-alcoholic fatty liver disease",116,0.215374670763097,2.56684945691885,0.000121066672554914,0.0026548191767399,0.00205722315770004,3007,"tags=46%, list=26%, signal=34%","1345/51422/4711/4697/7381/4696/51079/7494/1537/54205/10975/22877/10000/7385/3643/6389/4706/4708/4723/4720/5465/4698/4715/6945/4714/5970/9167/581/7040/79602/374291/5571/5562/2932/4722/1965/7388/4728/208/468/4296/5291/4719/4705/10062/6720/355/5290/1347/4701/7384/56901/207",4,"Valley"
"hsa04066","HIF-1 signaling pathway",76,0.261941599993756,2.57661080340018,0.000198402034734045,0.00406062831089012,0.00314658665613292,3324,"tags=54%, list=29%, signal=39%","3939/815/5594/5582/2597/5595/226/10000/7018/3643/5578/9978/817/2872/1387/5970/5162/8569/7037/2033/1956/2475/5605/208/2026/9470/2023/5291/5214/5213/3098/5211/230/112399/5209/5604/5290/207/596/5335/112398",4,"Valley"
"hsa04136","Autophagy - other",28,0.387472196838364,2.42894845206016,0.000289579114118572,0.0055562992521501,0.00430558419676298,4675,"tags=79%, list=40%, signal=47%","26100/8678/57521/5289/64223/10533/23192/55102/64422/23710/55054/5516/79065/2475/11345/9474/23130/60673/84971/30849/285973/11337",4,"Valley"
"hsa03010","Ribosome",142,-0.186678713400621,-2.50804262633538,0.000374427516714291,0.00676172044889926,0.00523966679736408,5033,"tags=61%, list=43%, signal=35%","100526842/29093/6208/64981/6164/9553/200916/4736/55173/6147/6228/6217/64951/6141/6138/6188/6233/6139/6135/6193/6155/3921/6181/6202/6146/51373/6194/6201/25873/65080/6167/60488/6125/28977/6137/64949/6231/740/6129/6157/6218/10573/100529239/6168/6152/6133/6232/10884/28973/6209/6207/6204/10399/51187/6150/54534/6165/6144/11222/6159/6169/6223/6142/9045/10240/79590/51318/6128/51116/6161/6210/23521/6176/9349/6124/6229/6136/6222/63931/51121/124995/64969/84545/6175/23107/6187",4,"Valley"
"hsa04330","Notch signaling pathway",49,0.285570606579155,2.31812574570915,0.000471078532079706,0.00803450607491498,0.00622595019005927,4798,"tags=69%, list=41%, signal=41%","9612/4853/1856/3955/4854/3714/196403/1488/6310/1387/3280/8850/342371/1487/6868/22938/2033/1855/3066/5663/5986/8650/9541/182/7089/2648/10683/4851/1840/23385/3065/1857/55851/51107",4,"Valley"
"hsa05017","Spinocerebellar ataxia",118,0.197336879938629,2.3705910513011,0.000534766639576388,0.00864070307105006,0.00669569310494535,4179,"tags=54%, list=36%, signal=35%","26100/8678/5719/3708/4287/5688/10105/5708/5707/6311/5289/7494/5704/2902/773/5582/5332/6310/54205/55102/10213/10000/23236/6511/5713/5578/2903/5702/5687/2890/342371/5705/488/8408/5684/2891/5683/2475/208/7419/5701/6712/5291/11273/5692/5706/5290/9861/5330/23130/207/25814/5714/291/5700/60673/5710/2911/5694/5296/10524/1600/30849/3748",4,"Valley"
"hsa04714","Thermogenesis",171,0.15799108239196,2.24025352961183,0.000869503488483764,0.0133468785482258,0.0103425151788069,3654,"tags=46%, list=32%, signal=32%","55744/1345/51422/6602/4711/57521/4697/284184/7381/6598/509/51548/4696/51079/64223/51412/513/1537/2885/6604/10975/7385/6597/6389/6595/5566/4706/4708/4723/4720/4698/4715/4714/60/9167/9551/126129/7248/498/55471/374291/6599/5571/5562/55818/4722/2475/23028/7388/51103/4728/7249/518/4719/6009/4705/539/6601/51780/522/1347/4701/7384/56901/10476/27089/57104/113/4710/3991/4704/112/64764/126328/4724/5592/25915/8110",4,"Valley"
"hsa04144","Endocytosis",208,0.143790932466815,2.25038829412752,0.000984926415839337,0.0142294145153989,0.0110263935555637,4126,"tags=49%, list=36%, signal=32%","29924/23327/9135/116985/50807/5338/58513/868/64145/9798/2263/137492/829/408/10109/10564/23527/27243/9525/8394/10193/156/409/1213/116983/9266/9146/9267/22905/6714/5869/5868/6643/5119/8729/27183/55737/3482/93343/1759/381/10938/10096/10093/11311/7037/112936/1956/116988/10094/3106/10015/3800/8766/3949/857/5371/9727/55048/84364/100287171/9372/832/7456/100526767/64750/5878/5662/3312/9230/64411/51652/254122/116987/11059/1173/160/10095/55738/9829/51160/9101/9765/6642/23396/1211/79643/80230/1785/1175/3480/51028/274/1212/6455/5590/30844/23325/10565/29082/253725",4,"Valley"
"hsa05132","Salmonella infection",174,0.149894854642313,2.13659447821457,0.00101969745712956,0.0142294145153989,0.0110263935555637,4258,"tags=50%, list=37%, signal=32%","347733/9648/65082/51429/64837/84790/26999/9475/5289/5594/10109/23339/2597/10540/5595/10381/54205/1778/4074/10000/9266/25828/1499/9267/5869/5868/1639/6500/5970/10096/60/10093/581/7184/6416/10121/5058/3840/7277/5217/55207/23265/10787/140735/10094/5605/208/5608/3800/9844/8655/79443/1783/5291/5609/10671/3320/26263/5894/5878/5420/5604/5290/63916/60412/89953/207/10095/114609/596/7846/1147/11258/57617/10398/5879/1785/5585/2353/29109/10383/302/84516/10382/112574/57381/329",4,"Valley"
"hsa04142","Lysosome biogenesis",194,0.14514462347688,2.18143940046421,0.00173524082275235,0.0231616927210857,0.0179480286472325,5114,"tags=58%, list=44%, signal=33%","2647/4758/65082/3073/9896/57521/535/8722/79036/5476/23339/64223/1200/950/8120/79641/26088/2581/4074/1213/1522/9907/534/55737/4864/8907/3482/118426/84572/8546/1508/256471/10542/20/1186/533/112936/84062/6272/1657/2475/55207/155066/23312/526/8906/51606/164/22901/1201/9550/9374/389541/162/84286/5641/80208/529/57707/1173/200576/160/10577/11154/1514/114881/9675/219931/23457/3916/28956/8992/23503/91056/114879/4126/523/1211/57617/8943/9894/23545/114876/79158/1175/729991/23062/51382/2588/6609/1212/53/3074/57192/8692/2548/84335/4125/2519/967/2799/55317/153129/1203/8372/1520/3425/27072/175/4668/3177/55353",4,"Valley"
"hsa00520","Amino sugar and nucleotide sugar metabolism",30,0.349391812589951,2.22746802013331,0.00204525318378124,0.024149720285417,0.0187136526127353,4183,"tags=70%, list=36%, signal=45%","3073/10007/55577/55276/2584/2582/4351/7360/5372/29926/2592/3098/5373/9945/5238/51005/2821/80146/197258/29925/3074",4,"Valley"
"hsa00280","Valine, leucine and isoleucine degradation",36,0.316422894247936,2.21745815011082,0.00199877015687713,0.024149720285417,0.0187136526127353,4466,"tags=69%, list=39%, signal=43%","26275/3155/5096/501/1738/3030/587/4329/3157/3032/64087/18/34/224/38/35/223/11112/197322/54511/217/10449/27034/3033/219",4,"Valley"
"hsa01230","Biosynthesis of amino acids",52,0.263431286208326,2.20366112825924,0.0019029700972854,0.024149720285417,0.0187136526127353,2844,"tags=50%, list=25%, signal=38%","27430/435/2597/7086/226/5723/2875/2805/587/29920/4144/2752/2026/2023/3419/5214/5213/6472/5211/5315/1431/230/3420/50/95/2806",4,"Valley"
"hsa04721","Synaptic vesicle cycle",58,0.241419804632511,2.14643945836476,0.00236192970081039,0.0252417956370605,0.0195599033566799,3965,"tags=57%, list=34%, signal=38%","535/773/6511/1213/534/6507/6529/1759/533/6812/155066/526/57030/51606/8775/9550/529/4905/1173/160/112755/5864/8992/523/1211/23545/6539/6538/1785/6534/1175/51382/1212",4,"Valley"
"hsa01232","Nucleotide metabolism",65,-0.232770052249895,-2.14633276693253,0.00234885332037608,0.0252417956370605,0.0195599033566799,3510,"tags=52%, list=30%, signal=37%","956/1854/129607/54963/205/84284/9583/8833/7084/957/4831/1503/102157402/954/7371/124583/51727/158/7378/83549/56953/3615/132/2766/955/4832/272/953/84618/10201/50808/79077/271/6240",4,"Valley"
"hsa04720","Long-term potentiation",54,0.243538500151486,2.0738116881146,0.00238440414812624,0.0252417956370605,0.0195599033566799,3021,"tags=48%, list=26%, signal=36%","3708/815/801/5594/2902/5582/5595/5500/5332/5908/23236/5566/5578/817/2903/1387/2890/2033/2891/5605/468/5894/5532/5604/5330/5501",4,"Valley"
"hsa04925","Aldosterone synthesis and secretion",63,0.2448008765495,2.23997669690821,0.00269884908380606,0.0266238559614396,0.020630863868628,3492,"tags=54%, list=30%, signal=38%","3708/491/815/801/5587/483/5582/5332/5138/23683/23236/57118/3164/5566/5578/817/476/481/3777/477/51305/8913/468/3949/1388/5581/25865/5330/113/478/8912/3991/112/64764",4,"Valley"
"hsa00051","Fructose and mannose metabolism",24,0.375568669227717,2.20652457122213,0.00284200737433436,0.0266238559614396,0.020630863868628,4368,"tags=75%, list=38%, signal=47%","226/231/4351/26007/6652/5372/5214/5213/29926/3098/5211/230/5373/5209/7264/197258/29925/55556",4,"Valley"
"hsa00240","Pyrimidine metabolism",43,-0.283227234471989,-2.15860189512518,0.00272130435843599,0.0266238559614396,0.020630863868628,3648,"tags=58%, list=31%, signal=40%","790/7372/956/1854/129607/54963/9583/7084/957/4831/1503/7371/124583/1723/51727/7378/83549/56953/955/4832/953/84618/10201/79077/6240",4,"Valley"
"hsa04150","mTOR signaling pathway",116,0.173568479571128,2.06860052738253,0.00286184770921012,0.0266238559614396,0.020630863868628,4044,"tags=51%, list=35%, signal=33%","57521/1856/5594/64223/81929/51719/23175/5582/84219/5595/2885/10000/3643/5578/534/7976/8131/6520/7248/8408/96459/201163/10542/5562/2932/6249/2475/1855/92335/5605/10641/526/208/5170/51606/9470/1975/7249/5291/9550/6009/389541/5894/529/5604/5290/207/9675/4040/28956/6396/1147/523/9894/79726/3480/51382/5296/253260",4,"Valley"
"hsa04517","IgSF CAM signaling",213,0.131624231366637,2.07613196545181,0.00330111749292725,0.0298071491273137,0.0230976022724941,2229,"tags=31%, list=19%, signal=26%","347733/6586/87/3785/64221/84790/4628/5594/10109/7204/6334/5582/9863/9353/5595/4684/5908/288/2885/10381/4133/10000/23607/5781/1499/5578/79784/84623/6714/23136/4637/1000/6900/9223/4008/23705/8541/9901/4638/10096/79827/60/10093/8497/4916/10298/5058/6709/2932/51332/7277/8829/8500/117178/140735/10094/5605/208/8655/5170/10458/287/2534/6712/7082/8499/5291",4,"Valley"
"hsa00380","Tryptophan metabolism",18,0.41115901455848,2.08234656849365,0.00400899768033187,0.0351646367960539,0.027249127090376,4466,"tags=78%, list=39%, signal=48%","501/1738/2639/3030/1743/224/38/223/847/125061/217/883/3033/219",4,"Valley"
"hsa00511","Other glycan degradation",16,0.449098360379435,2.13704034046467,0.00531807997853513,0.0404572995033761,0.0313504189534133,4970,"tags=88%, list=43%, signal=50%","57704/4758/3073/64772/10825/129807/4123/23324/284004/4126/3074/4125/2519/175",4,"Valley"
"hsa00410","beta-Alanine metabolism",20,0.393667739767946,2.11446891744988,0.00542824394438694,0.0404572995033761,0.0313504189534133,4747,"tags=80%, list=41%, signal=47%","26275/1806/501/3030/55748/4329/18/224/35/223/23417/2571/2572/217/219/57571",4,"Valley"
"hsa01240","Biosynthesis of cofactors",103,0.178793204449491,2.01749623371893,0.00531730918413068,0.0404572995033761,0.0313504189534133,3104,"tags=44%, list=27%, signal=32%","4522/2729/51004/27430/326625/53354/1738/23057/60490/5805/8836/65220/211/27010/554235/587/4351/7389/55191/4144/4830/204/210/10327/84274/55312/29922/11019/7360/7390/224/2356/5372/51109/29926/6472/5373/80308/10229/26289/5498/9249/124454/2937/9054",4,"Valley"
"hsa04072","Phospholipase D signaling pathway",103,0.177968635808717,2.00819183016328,0.00546604271400941,0.0404572995033761,0.0313504189534133,4025,"tags=50%, list=35%, signal=33%","1606/56034/9846/5338/8525/5594/5595/5332/2885/8394/10000/23236/3643/9266/5781/5578/9267/11069/2185/1759/7248/3815/56895/1956/2475/55326/5605/208/2914/7249/2534/56894/5291/6009/8605/5894/5604/5290/5330/207/113/5335/23396/56848/112/8526/2911/1785/8612/1607/5296/22808",4,"Valley"
"hsa04723","Retrograde endocannabinoid signaling",103,0.177165762822923,1.99913223961575,0.00568914312442109,0.0404572995033761,0.0313504189534133,1340,"tags=28%, list=12%, signal=25%","2782/3708/4711/2560/4697/2775/4696/5594/51079/2771/773/5582/2566/5595/5332/10681/23236/5566/5578/4706/4708/4723/4720/4698/4715/2890/4714/2555/2561",4,"Valley"
"hsa04022","cGMP-PKG signaling pathway",99,0.180765892644294,1.99608526599906,0.00579844031970211,0.0404572995033761,0.0313504189534133,3626,"tags=47%, list=31%, signal=33%","3708/10105/491/9475/801/5594/2771/483/2969/5595/5500/5332/5138/10000/23236/3643/476/4638/488/481/4208/4776/477/5605/208/468/1910/7419/1388/6547/5581/4205/5894/5532/5604/4659/5330/207/5501/113/291/478/112/64764/10398/5592/4209",4,"Valley"
"hsa04145","Phagosome",84,0.192230738651836,1.98036002833417,0.00487505656708052,0.0404572995033761,0.0313504189534133,4852,"tags=60%, list=42%, signal=35%","347733/535/84790/5289/10381/1778/4074/9146/5869/5868/534/23480/53407/60/533/7037/11151/7277/23673/155066/3106/526/51606/3685/1783/9550/821/529/5878/200576/1514/811/3916/8992/7846/523/23545/5879/3689/51382/10383/3688/10382/3133/10952/51143/55176/7280/7058/1520",4,"Valley"
"hsa04916","Melanogenesis",56,0.227001970761909,1.97488500914351,0.00562607364298702,0.0404572995033761,0.0313504189534133,2099,"tags=39%, list=18%, signal=32%","2775/815/1856/801/5594/2771/5582/5595/5332/23236/1499/5566/5578/817/7976/1387/3815/2033/2932/1855/5605/1910",4,"Valley"
"hsa05225","Hepatocellular carcinoma",119,0.159944629792905,1.94632877034467,0.00561028371477565,0.0404572995033761,0.0313504189534133,3276,"tags=43%, list=28%, signal=31%","6602/2949/7042/6598/3082/1856/5594/196528/51412/4089/5582/7296/5595/2885/6604/10000/6597/1499/6595/5578/7976/4257/60/581/7040/1643/6599/2932/1956/2475/1855/5605/208/119391/4259/5291/324/4616/2948/4233/5894/6601/5604/5290/9446/10587/207/4780/1452/4040/5335",4,"Valley"
"hsa04724","Glutamatergic synapse",90,0.181563198375169,1.93081220742407,0.00618472511216393,0.0421935690985406,0.0326958567333111,1644,"tags=31%, list=14%, signal=27%","2782/3708/5338/2775/5594/2771/2899/2902/773/5582/5595/5332/156/10681/23236/6511/5566/5578/2903/6507/1742/2890/9229/2744/81539/54407/2891/2752",4,"Valley"
"hsa05230","Central carbon metabolism in cancer",50,0.246851366537472,2.01780065805677,0.00684016194161521,0.0456506460016493,0.0353747505447377,2766,"tags=48%, list=24%, signal=37%","3939/2263/51548/5594/5595/10000/2744/5162/3815/4916/1956/2475/5605/208/5291/5214/5213/3098/5211/4233/5315/5894/5604/5290",4,"Valley"
"hsa01040","Biosynthesis of unsaturated fatty acids",21,-0.376177521000716,-2.02295905714535,0.00847186516650498,0.0541846376274381,0.0419877527989063,5954,"tags=90%, list=51%, signal=44%","11332/9200/6785/201562/8310/3992/10965/79993/79071/122970/6319/9415/51/51495/64834/54898/6342/79966/30",4,"Valley"
"hsa05165","Human papillomavirus infection",202,0.125124245867391,1.93090126997272,0.0084483325213582,0.0541846376274381,0.0419877527989063,2550,"tags=34%, list=22%, signal=27%","3371/64398/3680/4853/535/1856/3955/5594/545/5934/27175/4854/896/5595/2885/6696/10000/7337/10207/1499/5566/534/7976/1108/1387/9223/3280/6772/5970/7248/581/5516/10474/5518/533/2033/2932/3679/55844/1956/2475/7187/155066/1855/5528/7297/3106/5605/526/3066/208/5663/51606/55012/7249/29110/3659/3685/5291/9550/6009/324/5986/4599/23352/355/5315/5894",4,"Valley"
"hsa04666","Fc gamma R-mediated phagocytosis",74,0.189680840489245,1.84832300146739,0.00894742112592182,0.0560583323603673,0.0434396815136054,4566,"tags=57%, list=39%, signal=35%","9846/50807/5338/5594/10109/5582/5595/8394/10000/5578/10096/10093/5058/10094/3636/208/8398/5291/5581/8605/4082/5894/5604/4651/5290/27040/3984/207/10095/5335/23396/56848/5879/1785/1399/274/8612/5296/7408/1793/7410/3635",4,"Valley"
"hsa00561","Glycerolipid metabolism",39,0.270198090162193,1.98904505762035,0.0100527476268645,0.0595956305901411,0.0461807389452148,3989,"tags=59%, list=34%, signal=39%","1606/55750/8525/4023/129642/23175/501/231/26007/56895/55326/10327/56894/224/7920/223/132158/57104/8694/8526/217/8612/1607",4,"Valley"
"hsa04973","Carbohydrate digestion and absorption",26,0.323283554846322,1.9618285219697,0.0100943739110337,0.0595956305901411,0.0461807389452148,3405,"tags=62%, list=29%, signal=44%","483/5332/10000/23236/476/2542/481/477/208/5291/3098/5290/5330/207/92579/478",4,"Valley"
"hsa04728","Dopaminergic synapse",98,0.168153102661839,1.86992771770732,0.00978264335914958,0.0595956305901411,0.0461807389452148,2194,"tags=35%, list=19%, signal=28%","2782/3708/6323/408/2775/815/801/2771/1312/773/5582/5500/5332/10681/10000/23236/409/5566/5578/817/2903/2890/84152/5516/5518/2891/2932/55844/5528/208/3800/55012/468/1388",4,"Valley"
"hsa04962","Vasopressin-regulated water reabsorption",34,0.285480534817742,1.95170125117756,0.0115874904219837,0.065877028880537,0.0510482034184857,4576,"tags=68%, list=40%, signal=41%","10540/1778/5566/5869/5868/1639/140735/8766/8655/1783/397/6810/10671/5878/4905/9230/112/64764/396/84516/51143/10488/51626",4,"Valley"
"hsa00052","Galactose metabolism",17,0.387177519606396,1.88282076819125,0.0114938291324261,0.065877028880537,0.0510482034184857,4455,"tags=76%, list=38%, signal=47%","55276/2584/231/2582/7360/5214/5213/2592/3098/5211/92579/8704/2548",4,"Valley"
"hsa04961","Endocrine and other factor-regulated calcium reabsorption",38,0.267402067386744,1.94285905700208,0.0129420768594486,0.0722403199245585,0.0559791267030695,3965,"tags=61%, list=34%, signal=40%","491/483/5582/5332/23236/1213/5566/5578/476/1759/481/477/8766/6547/5330/1173/160/478/112/1211/1785/1175/1212",4,"Valley"
"hsa01250","Biosynthesis of nucleotide sugars",29,0.310501663908842,1.96436294554885,0.013781569676848,0.0751187198716724,0.058209602917874,3554,"tags=59%, list=31%, signal=41%","55577/55276/2584/2582/4351/7360/5372/29926/2592/3098/5373/9945/5238/2821/7264/80146/197258",4,"Valley"
"hsa01210","2-Oxocarboxylic acid metabolism",26,0.310429336345629,1.88382340199297,0.0139471238849685,0.0751187198716724,0.058209602917874,3267,"tags=58%, list=28%, signal=42%","1738/2875/2805/587/5162/1743/3419/1431/4967/3420/50/95/2806/55753/1737",4,"Valley"
"hsa00020","Citrate cycle (TCA cycle)",25,0.311834667574286,1.8603160731301,0.0156921656994245,0.0830602563745402,0.064363510854264,3267,"tags=56%, list=28%, signal=40%","8803/1738/6389/4190/5162/1743/3419/1431/4967/3420/50/55753/47/1737",4,"Valley"
"hsa04966","Collecting duct acid secretion",16,0.403327119219053,1.91923729903243,0.0162282179879707,0.0844417444458813,0.0654340279265187,6128,"tags=94%, list=53%, signal=44%","535/534/155066/526/9550/529/8992/523/23545/51382/760/527/9296/10723/9114",4,"Valley"
"hsa04960","Aldosterone-regulated sodium reabsorption",24,0.316785155644044,1.86116225073927,0.0167404646124808,0.0856553772671934,0.0663744737266782,2229,"tags=50%, list=19%, signal=40%","23327/5594/483/5582/5595/3643/5578/476/481/477/5170/5291",4,"Valley"
"hsa04922","Glucagon signaling pathway",71,0.192407164534375,1.84602551204258,0.0176809778736843,0.0875493581809852,0.0678421222317938,3756,"tags=51%, list=32%, signal=34%","3708/51422/3939/815/801/2997/5332/10000/23236/5566/817/5465/1387/5162/200186/126129/5571/2033/5562/55671/208/468/5214/5213/5211/5315/3276/5532/150094/5330/207/92579/64764/5261/5531/3945",4,"Valley"
"hsa05100","Bacterial invasion of epithelial cells",67,0.1879163560215,1.75655156046584,0.0175744659587826,0.0875493581809852,0.0678421222317938,3993,"tags=52%, list=34%, signal=34%","2017/10801/10109/1495/79767/1213/23607/1499/6714/1759/10096/60/10093/10094/1496/9844/857/5291/23176/4233/10459/3611/5290/63916/10095/4735/1211/79658/5879/1785/1399/1212/29119/3688/5296",4,"Valley"
"hsa05164","Influenza A",83,0.174405444598328,1.78959520669109,0.0185876731493769,0.0905780262993445,0.0701890414663188,3640,"tags=48%, list=31%, signal=33%","10241/5594/896/5595/54205/10000/8106/5578/10898/1387/6772/5970/7514/60/581/2033/1965/7187/7297/5605/208/2224/8766/29110/5371/5291/4599/355/5894/9230/5604/5290/103/3661/207/291/1147/100529063/3838/10379",4,"Valley"
"hsa04141","Protein processing in endoplasmic reticulum",145,0.1316557391589,1.72872718412913,0.0196379114857491,0.0942006066582028,0.0729961841411069,3905,"tags=46%, list=34%, signal=31%","10808/4287/118424/6400/11231/55968/7494/56605/10956/7841/57134/5589/7466/5071/64215/7322/9978/23193/23480/6500/1410/51009/3309/581/7184/55829/3300/7327/9373/79139/27248/1965/10525/10960/468/6746/1388/5609/55666/3320/55973/9709/821/10113/3312/165324/7415/824/4780/8720/811/596/84447/267/7353/6396/7095/1650/6184/10484/10294/55757/5034/51035/26270/8454",4,"Valley"
"hsa03050","Proteasome",40,0.242013024666695,1.79507563309184,0.0206513863346784,0.0975380862268659,0.075582401807892,4366,"tags=60%, list=38%, signal=38%","5719/5688/5708/5707/5704/10213/5713/5702/5687/5705/5684/5683/5721/5701/5692/5706/9861/5714/5700/5710/5694/5699/5720/5698",4,"Valley"
"hsa04910","Insulin signaling pathway",99,0.162524671094408,1.79465880751776,0.0210055316488616,0.0977075487303109,0.0757137185429462,2766,"tags=39%, list=24%, signal=30%","51422/868/3632/57521/801/5594/2997/5595/5500/5575/2885/10000/3643/2319/5566/2872/8835/7248/8569/23433/5571/5562/2932/10211/2475/23265/5605/3636/208/5170/9470/7249/5291/6009/3098/6720/5894/5604/5290",4,"Valley"
"hsa04060","Cytokine-cytokine receptor interaction",56,-0.199398091198206,-1.71313470726759,0.0235520622062649,0.107917658169005,0.0836255468753476,5260,"tags=64%, list=45%, signal=35%","90865/3570/10220/2662/57007/27242/3595/53342/94/920/6376/7852/7133/4055/3454/1524/92/658/23765/7046/8741/659/768211/2057/3566/146433/58191/93/1435/7132/8764/1436/84818/9547/90/8718",4,"Valley"
"hsa00563","Glycosylphosphatidylinositol (GPI)-anchor biosynthesis",23,0.319259654284295,1.8325577126014,0.0246286235032746,0.110499597638857,0.0856262954444767,3400,"tags=61%, list=29%, signal=43%","51604/94005/23556/128869/27315/84720/80235/8818/54872/80055/51227/65258/93210/5283",4,"Valley"
"hsa04727","GABAergic synapse",66,0.187519201560305,1.75215536756064,0.024835414453033,0.110499597638857,0.0856262954444767,1644,"tags=32%, list=14%, signal=27%","2782/2560/57468/2775/2771/773/5582/2566/10681/23710/5566/5578/6714/6529/2744/2550/2555/2561/81539/54407/2752",4,"Valley"
"hsa05168","Herpes simplex virus 1 infection",97,0.155718985559655,1.71920236175362,0.0309097844885191,0.133919471065511,0.10377438868783,4767,"tags=56%, list=41%, signal=33%","8683/5500/54205/10000/5781/6714/6772/5970/7248/581/6430/2475/1965/7187/7297/3106/208/7249/29110/5371/567/5291/6009/355/5818/6431/5290/3661/6427/207/5501/6892/811/596/55080/8891/1967/8890/1147/1616/10379/6732/5296/3665/3133/329/5610/29992/972/56829/148022/598/5499/10454",4,"Valley"
"hsa04140","Autophagy - animal",144,0.124278612691644,1.62373926007393,0.0309716040574961,0.133919471065511,0.10377438868783,3193,"tags=39%, list=28%, signal=29%","26100/8678/3708/65082/57521/10241/10010/1612/5289/5594/23339/64223/89849/10533/4077/5595/23192/55102/10000/81671/64422/23710/5566/57448/55054/664/8837/1508/7248/8408/5516/5562/79065/2475/81631/1965/5605/208/5170/7249/29110/11345/5291/6009/8878/57724/5894/7311/5604/5290/9474/23130/207/1514/596/3916",4,"Valley"
"hsa05033","Nicotine addiction",24,0.290914146941414,1.70916603523482,0.0324338182636071,0.138236503483278,0.107119663251228,1976,"tags=46%, list=17%, signal=38%","2560/2902/773/2566/1139/2903/2890/2555/2561/2891/57030",4,"Valley"
"hsa04061","Viral protein interaction with cytokine and cytokine receptor",17,-0.341340905407907,-1.6978571843024,0.03287056923218,0.138236503483278,0.107119663251228,3679,"tags=82%, list=32%, signal=56%","8795/3570/57007/6376/7852/7133/4055/1524/146433/1435/7132/8764/1436/9547",4,"Valley"
"hsa05323","Rheumatoid arthritis",32,0.26074540292131,1.74017632935473,0.0335785640724252,0.139305664462629,0.107948157615478,3879,"tags=56%, list=33%, signal=38%","535/7042/534/7040/533/155066/526/51606/9550/529/1514/8992/523/7043/23545/3689/2353/51382",4,"Valley"
"hsa00970","Aminoacyl-tRNA biosynthesis",41,0.234874138959699,1.75260888795292,0.0365128428897397,0.149459236895334,0.11581617534149,6186,"tags=78%, list=53%, signal=36%","8565/55278/5188/4141/79587/3376/80222/55157/23438/3735/51520/16/7407/79731/55699/3035/118672/124454/6897/23395/57505/2617/6301/4677/51091/5859/57176/5917/10352/10667/123263/51067",4,"Valley"
"hsa00630","Glyoxylate and dicarboxylate metabolism",23,0.298943885386811,1.71594473479194,0.0402769253547446,0.162697580051402,0.126074586290475,4408,"tags=65%, list=38%, signal=40%","2731/5096/1738/4190/2752/38/6472/1431/50/132158/6470/847/125061/2653/283871",4,"Valley"
"hsa04340","Hedgehog signaling pathway",41,0.22949610808604,1.71247852387534,0.0408083756813732,0.16270352382054,0.126079192125637,4169,"tags=59%, list=36%, signal=38%","50937/91653/408/5727/23288/156/409/5566/1454/84455/2932/8405/1453/730094/64750/8945/596/1452/84976/53944/51684/8454/374654/23432",4,"Valley"
"hsa04270","Vascular smooth muscle contraction",76,0.167244059264752,1.64511039833433,0.0419641914389948,0.163076035085714,0.126367851635081,3721,"tags=47%, list=32%, signal=32%","3708/800/4628/9475/801/5594/23365/5582/5595/5500/5332/23236/5566/5578/79784/135/4637/4638/4660/5605/8398/5581/8605/5894/4627/5604/4659/5330/5501/113/112/140465/10398/5592/9826/94274",4,"Valley"
"hsa00562","Inositol phosphate metabolism",58,0.179515355976401,1.59605316571553,0.0414850396111756,0.163076035085714,0.126367851635081,3591,"tags=48%, list=31%, signal=33%","9896/3632/51447/5289/3706/5297/5298/5332/8394/23236/113026/4329/51763/56623/3636/22908/5291/9651/22876/5290/3628/5330/200576/5335/23396/3633/64419/3705",4,"Valley"
"hsa05202","Transcriptional misregulation in cancer",105,-0.144302728301968,-1.65702130907938,0.0431717735291442,0.165671680918091,0.128379221284034,4204,"tags=49%, list=36%, signal=31%","3398/4609/3020/1649/8013/2521/2005/64919/6935/929/4094/894/6688/1027/904/9915/4298/1655/221037/1051/905/1026/1848/4149/7468/6929/5966/6256/7157/1025/4193/100532731/578/2530/55589/8864/2115/5327/472/126961/2119/6667/3021/9611/1436/4291/5747/4211/604/2130/333932",4,"Valley"
"hsa05120","Epithelial cell signaling in Helicobacter pylori infection",49,0.195146818377056,1.58410863531114,0.0482706765311325,0.182951823395774,0.14176962827857,3879,"tags=51%, list=33%, signal=34%","535/5781/6714/534/5970/6868/533/6416/5058/1956/155066/526/51606/7082/9550/4233/529/83700/5335/8992/1147/523/23545/5879/51382",4,"Valley"
"hsa05206","MicroRNAs in cancer",122,-0.13229806097835,-1.64095960632917,0.0515214047857472,0.192722794987565,0.14934116806854,4070,"tags=48%, list=35%, signal=31%","1871/4170/5292/4855/3667/8503/6935/27086/387/894/1027/5159/595/5243/4325/10297/1021/5155/2064/5156/7143/1026/8434/4893/9252/900/25/7148/659/6624/7057/5293/2065/7157/5579/6541/4193/100532731/23405/5295/5962/3551/578/1545/836/3190/5728/3265/472/2261/6093/6774/1942/1788/7422/7168/3162/6654",4,"Valley"
"hsa04820","Cytoskeleton in muscle cells",116,0.133002526820235,1.58513284095918,0.0521042084168337,0.192722794987565,0.14934116806854,4935,"tags=55%, list=43%, signal=32%","91010/3680/23353/829/4628/84033/483/288/3728/79784/476/2006/60/1465/6709/481/3679/23500/51332/7171/477/64423/2026/4000/7431/2023/287/3685/1462/6712/88/2274/25777/57731/10611/79188/832/4627/3930/752/375790/29767/8910/64236/27295/478/161176/10398/8572/83660/7169/3675/3688/200539/7094/1299/2192/7138/1302/3696/1634/7058/7414/1466",4,"Valley"
"hsa03410","Base excision repair",38,0.230028193600892,1.67131228143031,0.0572304591149869,0.194320761306094,0.150579434442576,5665,"tags=74%, list=49%, signal=38%","5426/54840/4913/143/57804/4595/11232/10039/11284/79661/5425/5428/55775/3980/23583/10714/5423/5984/3978/10038/252969/27343/5981/328/54936/7515/5111/56655",4,"Valley"
"hsa04015","Rap1 signaling pathway",143,0.126889716891418,1.65767385559761,0.0542668918118668,0.194320761306094,0.150579434442576,4427,"tags=50%, list=38%, signal=31%","56034/2263/3082/2775/801/5594/2771/5587/2902/5582/9863/5595/5332/5908/23683/10000/23236/3643/1946/1499/5578/6714/2903/135/9771/9223/11069/60/3815/23094/83593/1956/5217/5605/208/5608/10235/5291/9732/51466/25865/3397/4233/5894/64411/5604/5290/27040/5330/207/260425/113/5335/112/83660/5879/1399/3689/3480/51735/3688/5296/5590/22808/8822/5154/54518/7423/51196/7408/7094",4,"Valley"
"hsa04713","Circadian entrainment",73,0.167658246582119,1.62863383821931,0.058012263150848,0.194320761306094,0.150579434442576,1009,"tags=25%, list=9%, signal=23%","2782/3708/2775/815/801/5594/2771/2902/5582/5595/5332/10681/5187/23236/5566/5578/817/2903",4,"Valley"
"hsa03272","Virion - Hepatitis viruses",22,0.285170708259538,1.60745201612191,0.0571428571428571,0.194320761306094,0.150579434442576,2101,"tags=45%, list=18%, signal=37%","9798/928/9525/5119/27183/10618/1956/10015/9071/3949",4,"Valley"
"hsa04110","Cell cycle",100,0.137828492692444,1.54265675314425,0.0577689243027888,0.194320761306094,0.150579434442576,3148,"tags=40%, list=27%, signal=29%","51434/7042/64682/7029/545/4089/5934/896/7531/5001/9978/7534/6500/1387/7040/5516/23244/5518/5000/1032/2033/1022/2932/51343/5528/3066/8555/51529/4616/7709/10459/4176/5885/1874/10274/9184/4174/9232/8881/23383",4,"Valley"
"hsa04260","Cardiac muscle contraction",49,0.189787250857505,1.54060222685487,0.0552147239263804,0.194320761306094,0.150579434442576,3405,"tags=47%, list=29%, signal=33%","1345/444/7381/483/1537/783/10975/7385/476/9167/488/6548/481/7171/477/7388/6547/781/55799/1347/7384/27089/478",4,"Valley"
"hsa05322","Systemic lupus erythematosus",59,-0.173853113479923,-1.52577203963976,0.058,0.194320761306094,0.150579434442576,8289,"tags=90%, list=72%, signal=26%","8334/714/8370/8361/6741/3012/8294/653604/6628/713/440689/3017/8340/8343/8347/8351/8367/3015/317772/8364/8338/3014/8350/55766/2209/3013/8339/8341/8349/9555/718/6632/8363/3020/2214/712/3113/85236/6634/2212/715/6738/94239/720/8362/8337/2904/723790/126961/3021/721/333932/55506",4,"Valley"
"hsa04725","Cholinergic synapse",79,0.150508199113184,1.51296177080606,0.0547667342799189,0.194320761306094,0.150579434442576,989,"tags=23%, list=9%, signal=21%","2782/3708/3785/2775/815/5594/2771/773/5582/5595/5332/10681/10000/23236/1139/5566/5578/817",4,"Valley"
"hsa04540","Gap junction",64,0.162492332281941,1.49049158406344,0.0582329317269076,0.194320761306094,0.150579434442576,4186,"tags=52%, list=36%, signal=33%","347733/56034/3708/84790/5594/2771/5582/5595/5332/2885/10381/23236/5566/5578/6714/1956/7277/5605/1453/7082/5894/5604/5330/3356/113/7846/112/5598/5592/2911/10383/5154/10382",4,"Valley"
